series,station,kind,event_date,event_ticker,market_ticker,subtitle,low,high,result
KXHIGHDEN,KDEN,high,2026-02-12,KXHIGHDEN-26FEB12,KXHIGHDEN-26FEB12-T62,63° or above,63,,no
KXHIGHDEN,KDEN,high,2026-02-12,KXHIGHDEN-26FEB12,KXHIGHDEN-26FEB12-T55,54° or below,,54,no
KXHIGHDEN,KDEN,high,2026-02-12,KXHIGHDEN-26FEB12,KXHIGHDEN-26FEB12-B61.5,61° to 62°,61,62,no
KXHIGHDEN,KDEN,high,2026-02-12,KXHIGHDEN-26FEB12,KXHIGHDEN-26FEB12-B59.5,59° to 60°,59,60,yes
KXHIGHDEN,KDEN,high,2026-02-12,KXHIGHDEN-26FEB12,KXHIGHDEN-26FEB12-B57.5,57° to 58°,57,58,no
KXHIGHDEN,KDEN,high,2026-02-12,KXHIGHDEN-26FEB12,KXHIGHDEN-26FEB12-B55.5,55° to 56°,55,56,no
KXHIGHNY,KNYC,high,2026-02-12,KXHIGHNY-26FEB12,KXHIGHNY-26FEB12-T39,40° or above,40,,no
KXHIGHNY,KNYC,high,2026-02-12,KXHIGHNY-26FEB12,KXHIGHNY-26FEB12-T32,31° or below,,31,no
KXHIGHNY,KNYC,high,2026-02-12,KXHIGHNY-26FEB12,KXHIGHNY-26FEB12-B38.5,38° to 39°,38,39,no
KXHIGHNY,KNYC,high,2026-02-12,KXHIGHNY-26FEB12,KXHIGHNY-26FEB12-B36.5,36° to 37°,36,37,yes
KXHIGHNY,KNYC,high,2026-02-12,KXHIGHNY-26FEB12,KXHIGHNY-26FEB12-B34.5,34° to 35°,34,35,no
KXHIGHNY,KNYC,high,2026-02-12,KXHIGHNY-26FEB12,KXHIGHNY-26FEB12-B32.5,32° to 33°,32,33,no
KXHIGHMIA,KMIA,high,2026-02-12,KXHIGHMIA-26FEB12,KXHIGHMIA-26FEB12-T80,81° or above,81,,yes
KXHIGHMIA,KMIA,high,2026-02-12,KXHIGHMIA-26FEB12,KXHIGHMIA-26FEB12-T73,72° or below,,72,no
KXHIGHMIA,KMIA,high,2026-02-12,KXHIGHMIA-26FEB12,KXHIGHMIA-26FEB12-B79.5,79° to 80°,79,80,no
KXHIGHMIA,KMIA,high,2026-02-12,KXHIGHMIA-26FEB12,KXHIGHMIA-26FEB12-B77.5,77° to 78°,77,78,no
KXHIGHMIA,KMIA,high,2026-02-12,KXHIGHMIA-26FEB12,KXHIGHMIA-26FEB12-B75.5,75° to 76°,75,76,no
KXHIGHMIA,KMIA,high,2026-02-12,KXHIGHMIA-26FEB12,KXHIGHMIA-26FEB12-B73.5,73° to 74°,73,74,no
KXHIGHCHI,KORD,high,2026-02-12,KXHIGHCHI-26FEB12,KXHIGHCHI-26FEB12-T45,46° or above,46,,no
KXHIGHCHI,KORD,high,2026-02-12,KXHIGHCHI-26FEB12,KXHIGHCHI-26FEB12-T38,37° or below,,37,no
KXHIGHCHI,KORD,high,2026-02-12,KXHIGHCHI-26FEB12,KXHIGHCHI-26FEB12-B44.5,44° to 45°,44,45,no
KXHIGHCHI,KORD,high,2026-02-12,KXHIGHCHI-26FEB12,KXHIGHCHI-26FEB12-B42.5,42° to 43°,42,43,no
KXHIGHCHI,KORD,high,2026-02-12,KXHIGHCHI-26FEB12,KXHIGHCHI-26FEB12-B40.5,40° to 41°,40,41,no
KXHIGHCHI,KORD,high,2026-02-12,KXHIGHCHI-26FEB12,KXHIGHCHI-26FEB12-B38.5,38° to 39°,38,39,yes
KXLOWTMIA,KMIA,low,2026-02-12,KXLOWTMIA-26FEB12,KXLOWTMIA-26FEB12-T61,62° or above,62,,no
KXLOWTMIA,KMIA,low,2026-02-12,KXLOWTMIA-26FEB12,KXLOWTMIA-26FEB12-T54,53° or below,,53,no
KXLOWTMIA,KMIA,low,2026-02-12,KXLOWTMIA-26FEB12,KXLOWTMIA-26FEB12-B60.5,60° to 61°,60,61,no
KXLOWTMIA,KMIA,low,2026-02-12,KXLOWTMIA-26FEB12,KXLOWTMIA-26FEB12-B58.5,58° to 59°,58,59,yes
KXLOWTMIA,KMIA,low,2026-02-12,KXLOWTMIA-26FEB12,KXLOWTMIA-26FEB12-B56.5,56° to 57°,56,57,no
KXLOWTMIA,KMIA,low,2026-02-12,KXLOWTMIA-26FEB12,KXLOWTMIA-26FEB12-B54.5,54° to 55°,54,55,no
KXLOWTDEN,KDEN,low,2026-02-12,KXLOWTDEN-26FEB12,KXLOWTDEN-26FEB12-T36,37° or above,37,,no
KXLOWTDEN,KDEN,low,2026-02-12,KXLOWTDEN-26FEB12,KXLOWTDEN-26FEB12-T29,28° or below,,28,no
KXLOWTDEN,KDEN,low,2026-02-12,KXLOWTDEN-26FEB12,KXLOWTDEN-26FEB12-B35.5,35° to 36°,35,36,no
KXLOWTDEN,KDEN,low,2026-02-12,KXLOWTDEN-26FEB12,KXLOWTDEN-26FEB12-B33.5,33° to 34°,33,34,no
KXLOWTDEN,KDEN,low,2026-02-12,KXLOWTDEN-26FEB12,KXLOWTDEN-26FEB12-B31.5,31° to 32°,31,32,no
KXLOWTDEN,KDEN,low,2026-02-12,KXLOWTDEN-26FEB12,KXLOWTDEN-26FEB12-B29.5,29° to 30°,29,30,yes
KXLOWTNYC,KNYC,low,2026-02-12,KXLOWTNYC-26FEB12,KXLOWTNYC-26FEB12-T28,29° or above,29,,no
KXLOWTNYC,KNYC,low,2026-02-12,KXLOWTNYC-26FEB12,KXLOWTNYC-26FEB12-T21,20° or below,,20,no
KXLOWTNYC,KNYC,low,2026-02-12,KXLOWTNYC-26FEB12,KXLOWTNYC-26FEB12-B27.5,27° to 28°,27,28,yes
KXLOWTNYC,KNYC,low,2026-02-12,KXLOWTNYC-26FEB12,KXLOWTNYC-26FEB12-B25.5,25° to 26°,25,26,no
KXLOWTNYC,KNYC,low,2026-02-12,KXLOWTNYC-26FEB12,KXLOWTNYC-26FEB12-B23.5,23° to 24°,23,24,no
KXLOWTNYC,KNYC,low,2026-02-12,KXLOWTNYC-26FEB12,KXLOWTNYC-26FEB12-B21.5,21° to 22°,21,22,no
KXLOWTCHI,KORD,low,2026-02-12,KXLOWTCHI-26FEB12,KXLOWTCHI-26FEB12-T27,28° or above,28,,no
KXLOWTCHI,KORD,low,2026-02-12,KXLOWTCHI-26FEB12,KXLOWTCHI-26FEB12-T20,19° or below,,19,no
KXLOWTCHI,KORD,low,2026-02-12,KXLOWTCHI-26FEB12,KXLOWTCHI-26FEB12-B26.5,26° to 27°,26,27,yes
KXLOWTCHI,KORD,low,2026-02-12,KXLOWTCHI-26FEB12,KXLOWTCHI-26FEB12-B24.5,24° to 25°,24,25,no
KXLOWTCHI,KORD,low,2026-02-12,KXLOWTCHI-26FEB12,KXLOWTCHI-26FEB12-B22.5,22° to 23°,22,23,no
KXLOWTCHI,KORD,low,2026-02-12,KXLOWTCHI-26FEB12,KXLOWTCHI-26FEB12-B20.5,20° to 21°,20,21,no
KXLOWTDEN,KDEN,low,2026-02-11,KXLOWTDEN-26FEB11,KXLOWTDEN-26FEB11-T30,31° or above,31,,no
KXLOWTDEN,KDEN,low,2026-02-11,KXLOWTDEN-26FEB11,KXLOWTDEN-26FEB11-T23,22° or below,,22,no
KXLOWTDEN,KDEN,low,2026-02-11,KXLOWTDEN-26FEB11,KXLOWTDEN-26FEB11-B29.5,29° to 30°,29,30,no
KXLOWTDEN,KDEN,low,2026-02-11,KXLOWTDEN-26FEB11,KXLOWTDEN-26FEB11-B27.5,27° to 28°,27,28,no
KXLOWTDEN,KDEN,low,2026-02-11,KXLOWTDEN-26FEB11,KXLOWTDEN-26FEB11-B25.5,25° to 26°,25,26,yes
KXLOWTDEN,KDEN,low,2026-02-11,KXLOWTDEN-26FEB11,KXLOWTDEN-26FEB11-B23.5,23° to 24°,23,24,no
KXLOWTMIA,KMIA,low,2026-02-11,KXLOWTMIA-26FEB11,KXLOWTMIA-26FEB11-T62,63° or above,63,,no
KXLOWTMIA,KMIA,low,2026-02-11,KXLOWTMIA-26FEB11,KXLOWTMIA-26FEB11-T55,54° or below,,54,no
KXLOWTMIA,KMIA,low,2026-02-11,KXLOWTMIA-26FEB11,KXLOWTMIA-26FEB11-B61.5,61° to 62°,61,62,no
KXLOWTMIA,KMIA,low,2026-02-11,KXLOWTMIA-26FEB11,KXLOWTMIA-26FEB11-B59.5,59° to 60°,59,60,yes
KXLOWTMIA,KMIA,low,2026-02-11,KXLOWTMIA-26FEB11,KXLOWTMIA-26FEB11-B57.5,57° to 58°,57,58,no
KXLOWTMIA,KMIA,low,2026-02-11,KXLOWTMIA-26FEB11,KXLOWTMIA-26FEB11-B55.5,55° to 56°,55,56,no
KXLOWTCHI,KORD,low,2026-02-11,KXLOWTCHI-26FEB11,KXLOWTCHI-26FEB11-T28,29° or above,29,,no
KXLOWTCHI,KORD,low,2026-02-11,KXLOWTCHI-26FEB11,KXLOWTCHI-26FEB11-T21,20° or below,,20,no
KXLOWTCHI,KORD,low,2026-02-11,KXLOWTCHI-26FEB11,KXLOWTCHI-26FEB11-B27.5,27° to 28°,27,28,no
KXLOWTCHI,KORD,low,2026-02-11,KXLOWTCHI-26FEB11,KXLOWTCHI-26FEB11-B25.5,25° to 26°,25,26,yes
KXLOWTCHI,KORD,low,2026-02-11,KXLOWTCHI-26FEB11,KXLOWTCHI-26FEB11-B23.5,23° to 24°,23,24,no
KXLOWTCHI,KORD,low,2026-02-11,KXLOWTCHI-26FEB11,KXLOWTCHI-26FEB11-B21.5,21° to 22°,21,22,no
KXHIGHMIA,KMIA,high,2026-02-11,KXHIGHMIA-26FEB11,KXHIGHMIA-26FEB11-T79,80° or above,80,,no
KXHIGHMIA,KMIA,high,2026-02-11,KXHIGHMIA-26FEB11,KXHIGHMIA-26FEB11-T72,71° or below,,71,no
KXHIGHMIA,KMIA,high,2026-02-11,KXHIGHMIA-26FEB11,KXHIGHMIA-26FEB11-B78.5,78° to 79°,78,79,yes
KXHIGHMIA,KMIA,high,2026-02-11,KXHIGHMIA-26FEB11,KXHIGHMIA-26FEB11-B76.5,76° to 77°,76,77,no
KXHIGHMIA,KMIA,high,2026-02-11,KXHIGHMIA-26FEB11,KXHIGHMIA-26FEB11-B74.5,74° to 75°,74,75,no
KXHIGHMIA,KMIA,high,2026-02-11,KXHIGHMIA-26FEB11,KXHIGHMIA-26FEB11-B72.5,72° to 73°,72,73,no
KXHIGHDEN,KDEN,high,2026-02-11,KXHIGHDEN-26FEB11,KXHIGHDEN-26FEB11-T65,66° or above,66,,no
KXHIGHDEN,KDEN,high,2026-02-11,KXHIGHDEN-26FEB11,KXHIGHDEN-26FEB11-T58,57° or below,,57,yes
KXHIGHDEN,KDEN,high,2026-02-11,KXHIGHDEN-26FEB11,KXHIGHDEN-26FEB11-B64.5,64° to 65°,64,65,no
KXHIGHDEN,KDEN,high,2026-02-11,KXHIGHDEN-26FEB11,KXHIGHDEN-26FEB11-B62.5,62° to 63°,62,63,no
KXHIGHDEN,KDEN,high,2026-02-11,KXHIGHDEN-26FEB11,KXHIGHDEN-26FEB11-B60.5,60° to 61°,60,61,no
KXHIGHDEN,KDEN,high,2026-02-11,KXHIGHDEN-26FEB11,KXHIGHDEN-26FEB11-B58.5,58° to 59°,58,59,no
KXLOWTNYC,KNYC,low,2026-02-11,KXLOWTNYC-26FEB11,KXLOWTNYC-26FEB11-T33,34° or above,34,,no
KXLOWTNYC,KNYC,low,2026-02-11,KXLOWTNYC-26FEB11,KXLOWTNYC-26FEB11-T26,25° or below,,25,no
KXLOWTNYC,KNYC,low,2026-02-11,KXLOWTNYC-26FEB11,KXLOWTNYC-26FEB11-B32.5,32° to 33°,32,33,yes
KXLOWTNYC,KNYC,low,2026-02-11,KXLOWTNYC-26FEB11,KXLOWTNYC-26FEB11-B30.5,30° to 31°,30,31,no
KXLOWTNYC,KNYC,low,2026-02-11,KXLOWTNYC-26FEB11,KXLOWTNYC-26FEB11-B28.5,28° to 29°,28,29,no
KXLOWTNYC,KNYC,low,2026-02-11,KXLOWTNYC-26FEB11,KXLOWTNYC-26FEB11-B26.5,26° to 27°,26,27,no
KXHIGHCHI,KORD,high,2026-02-11,KXHIGHCHI-26FEB11,KXHIGHCHI-26FEB11-T43,44° or above,44,,no
KXHIGHCHI,KORD,high,2026-02-11,KXHIGHCHI-26FEB11,KXHIGHCHI-26FEB11-T36,35° or below,,35,no
KXHIGHCHI,KORD,high,2026-02-11,KXHIGHCHI-26FEB11,KXHIGHCHI-26FEB11-B42.5,42° to 43°,42,43,yes
KXHIGHCHI,KORD,high,2026-02-11,KXHIGHCHI-26FEB11,KXHIGHCHI-26FEB11-B40.5,40° to 41°,40,41,no
KXHIGHCHI,KORD,high,2026-02-11,KXHIGHCHI-26FEB11,KXHIGHCHI-26FEB11-B38.5,38° to 39°,38,39,no
KXHIGHCHI,KORD,high,2026-02-11,KXHIGHCHI-26FEB11,KXHIGHCHI-26FEB11-B36.5,36° to 37°,36,37,no
KXHIGHNY,KNYC,high,2026-02-11,KXHIGHNY-26FEB11,KXHIGHNY-26FEB11-T43,44° or above,44,,no
KXHIGHNY,KNYC,high,2026-02-11,KXHIGHNY-26FEB11,KXHIGHNY-26FEB11-T36,35° or below,,35,no
KXHIGHNY,KNYC,high,2026-02-11,KXHIGHNY-26FEB11,KXHIGHNY-26FEB11-B42.5,42° to 43°,42,43,no
KXHIGHNY,KNYC,high,2026-02-11,KXHIGHNY-26FEB11,KXHIGHNY-26FEB11-B40.5,40° to 41°,40,41,yes
KXHIGHNY,KNYC,high,2026-02-11,KXHIGHNY-26FEB11,KXHIGHNY-26FEB11-B38.5,38° to 39°,38,39,no
KXHIGHNY,KNYC,high,2026-02-11,KXHIGHNY-26FEB11,KXHIGHNY-26FEB11-B36.5,36° to 37°,36,37,no
KXHIGHNY,KNYC,high,2026-02-10,KXHIGHNY-26FEB10,KXHIGHNY-26FEB10-T39,40° or above,40,,no
KXHIGHNY,KNYC,high,2026-02-10,KXHIGHNY-26FEB10,KXHIGHNY-26FEB10-T32,31° or below,,31,no
KXHIGHNY,KNYC,high,2026-02-10,KXHIGHNY-26FEB10,KXHIGHNY-26FEB10-B38.5,38° to 39°,38,39,no
KXHIGHNY,KNYC,high,2026-02-10,KXHIGHNY-26FEB10,KXHIGHNY-26FEB10-B36.5,36° to 37°,36,37,yes
KXHIGHNY,KNYC,high,2026-02-10,KXHIGHNY-26FEB10,KXHIGHNY-26FEB10-B34.5,34° to 35°,34,35,no
KXHIGHNY,KNYC,high,2026-02-10,KXHIGHNY-26FEB10,KXHIGHNY-26FEB10-B32.5,32° to 33°,32,33,no
KXHIGHDEN,KDEN,high,2026-02-10,KXHIGHDEN-26FEB10,KXHIGHDEN-26FEB10-T58,59° or above,59,,no
KXHIGHDEN,KDEN,high,2026-02-10,KXHIGHDEN-26FEB10,KXHIGHDEN-26FEB10-T51,50° or below,,50,yes
KXHIGHDEN,KDEN,high,2026-02-10,KXHIGHDEN-26FEB10,KXHIGHDEN-26FEB10-B57.5,57° to 58°,57,58,no
KXHIGHDEN,KDEN,high,2026-02-10,KXHIGHDEN-26FEB10,KXHIGHDEN-26FEB10-B55.5,55° to 56°,55,56,no
KXHIGHDEN,KDEN,high,2026-02-10,KXHIGHDEN-26FEB10,KXHIGHDEN-26FEB10-B53.5,53° to 54°,53,54,no
KXHIGHDEN,KDEN,high,2026-02-10,KXHIGHDEN-26FEB10,KXHIGHDEN-26FEB10-B51.5,51° to 52°,51,52,no
KXHIGHMIA,KMIA,high,2026-02-10,KXHIGHMIA-26FEB10,KXHIGHMIA-26FEB10-T79,80° or above,80,,no
KXHIGHMIA,KMIA,high,2026-02-10,KXHIGHMIA-26FEB10,KXHIGHMIA-26FEB10-T72,71° or below,,71,no
KXHIGHMIA,KMIA,high,2026-02-10,KXHIGHMIA-26FEB10,KXHIGHMIA-26FEB10-B78.5,78° to 79°,78,79,no
KXHIGHMIA,KMIA,high,2026-02-10,KXHIGHMIA-26FEB10,KXHIGHMIA-26FEB10-B76.5,76° to 77°,76,77,yes
KXHIGHMIA,KMIA,high,2026-02-10,KXHIGHMIA-26FEB10,KXHIGHMIA-26FEB10-B74.5,74° to 75°,74,75,no
KXHIGHMIA,KMIA,high,2026-02-10,KXHIGHMIA-26FEB10,KXHIGHMIA-26FEB10-B72.5,72° to 73°,72,73,no
KXHIGHCHI,KORD,high,2026-02-10,KXHIGHCHI-26FEB10,KXHIGHCHI-26FEB10-T47,48° or above,48,,yes
KXHIGHCHI,KORD,high,2026-02-10,KXHIGHCHI-26FEB10,KXHIGHCHI-26FEB10-T40,39° or below,,39,no
KXHIGHCHI,KORD,high,2026-02-10,KXHIGHCHI-26FEB10,KXHIGHCHI-26FEB10-B46.5,46° to 47°,46,47,no
KXHIGHCHI,KORD,high,2026-02-10,KXHIGHCHI-26FEB10,KXHIGHCHI-26FEB10-B44.5,44° to 45°,44,45,no
KXHIGHCHI,KORD,high,2026-02-10,KXHIGHCHI-26FEB10,KXHIGHCHI-26FEB10-B42.5,42° to 43°,42,43,no
KXHIGHCHI,KORD,high,2026-02-10,KXHIGHCHI-26FEB10,KXHIGHCHI-26FEB10-B40.5,40° to 41°,40,41,no
KXLOWTCHI,KORD,low,2026-02-10,KXLOWTCHI-26FEB10,KXLOWTCHI-26FEB10-T35,36° or above,36,,no
KXLOWTCHI,KORD,low,2026-02-10,KXLOWTCHI-26FEB10,KXLOWTCHI-26FEB10-T28,27° or below,,27,no
KXLOWTCHI,KORD,low,2026-02-10,KXLOWTCHI-26FEB10,KXLOWTCHI-26FEB10-B34.5,34° to 35°,34,35,no
KXLOWTCHI,KORD,low,2026-02-10,KXLOWTCHI-26FEB10,KXLOWTCHI-26FEB10-B32.5,32° to 33°,32,33,yes
KXLOWTCHI,KORD,low,2026-02-10,KXLOWTCHI-26FEB10,KXLOWTCHI-26FEB10-B30.5,30° to 31°,30,31,no
KXLOWTCHI,KORD,low,2026-02-10,KXLOWTCHI-26FEB10,KXLOWTCHI-26FEB10-B28.5,28° to 29°,28,29,no
KXLOWTMIA,KMIA,low,2026-02-10,KXLOWTMIA-26FEB10,KXLOWTMIA-26FEB10-T61,62° or above,62,,no
KXLOWTMIA,KMIA,low,2026-02-10,KXLOWTMIA-26FEB10,KXLOWTMIA-26FEB10-T54,53° or below,,53,no
KXLOWTMIA,KMIA,low,2026-02-10,KXLOWTMIA-26FEB10,KXLOWTMIA-26FEB10-B60.5,60° to 61°,60,61,no
KXLOWTMIA,KMIA,low,2026-02-10,KXLOWTMIA-26FEB10,KXLOWTMIA-26FEB10-B58.5,58° to 59°,58,59,no
KXLOWTMIA,KMIA,low,2026-02-10,KXLOWTMIA-26FEB10,KXLOWTMIA-26FEB10-B56.5,56° to 57°,56,57,yes
KXLOWTMIA,KMIA,low,2026-02-10,KXLOWTMIA-26FEB10,KXLOWTMIA-26FEB10-B54.5,54° to 55°,54,55,no
KXLOWTDEN,KDEN,low,2026-02-10,KXLOWTDEN-26FEB10,KXLOWTDEN-26FEB10-T35,36° or above,36,,no
KXLOWTDEN,KDEN,low,2026-02-10,KXLOWTDEN-26FEB10,KXLOWTDEN-26FEB10-T28,27° or below,,27,yes
KXLOWTDEN,KDEN,low,2026-02-10,KXLOWTDEN-26FEB10,KXLOWTDEN-26FEB10-B34.5,34° to 35°,34,35,no
KXLOWTDEN,KDEN,low,2026-02-10,KXLOWTDEN-26FEB10,KXLOWTDEN-26FEB10-B32.5,32° to 33°,32,33,no
KXLOWTDEN,KDEN,low,2026-02-10,KXLOWTDEN-26FEB10,KXLOWTDEN-26FEB10-B30.5,30° to 31°,30,31,no
KXLOWTDEN,KDEN,low,2026-02-10,KXLOWTDEN-26FEB10,KXLOWTDEN-26FEB10-B28.5,28° to 29°,28,29,no
KXLOWTNYC,KNYC,low,2026-02-10,KXLOWTNYC-26FEB10,KXLOWTNYC-26FEB10-T21,22° or above,22,,yes
KXLOWTNYC,KNYC,low,2026-02-10,KXLOWTNYC-26FEB10,KXLOWTNYC-26FEB10-T14,13° or below,,13,no
KXLOWTNYC,KNYC,low,2026-02-10,KXLOWTNYC-26FEB10,KXLOWTNYC-26FEB10-B20.5,20° to 21°,20,21,no
KXLOWTNYC,KNYC,low,2026-02-10,KXLOWTNYC-26FEB10,KXLOWTNYC-26FEB10-B18.5,18° to 19°,18,19,no
KXLOWTNYC,KNYC,low,2026-02-10,KXLOWTNYC-26FEB10,KXLOWTNYC-26FEB10-B16.5,16° to 17°,16,17,no
KXLOWTNYC,KNYC,low,2026-02-10,KXLOWTNYC-26FEB10,KXLOWTNYC-26FEB10-B14.5,14° to 15°,14,15,no
KXLOWTMIA,KMIA,low,2026-02-09,KXLOWTMIA-26FEB09,KXLOWTMIA-26FEB09-T59,60° or above,60,,no
KXLOWTMIA,KMIA,low,2026-02-09,KXLOWTMIA-26FEB09,KXLOWTMIA-26FEB09-T52,51° or below,,51,no
KXLOWTMIA,KMIA,low,2026-02-09,KXLOWTMIA-26FEB09,KXLOWTMIA-26FEB09-B58.5,58° to 59°,58,59,no
KXLOWTMIA,KMIA,low,2026-02-09,KXLOWTMIA-26FEB09,KXLOWTMIA-26FEB09-B56.5,56° to 57°,56,57,no
KXLOWTMIA,KMIA,low,2026-02-09,KXLOWTMIA-26FEB09,KXLOWTMIA-26FEB09-B54.5,54° to 55°,54,55,yes
KXLOWTMIA,KMIA,low,2026-02-09,KXLOWTMIA-26FEB09,KXLOWTMIA-26FEB09-B52.5,52° to 53°,52,53,no
KXHIGHMIA,KMIA,high,2026-02-09,KXHIGHMIA-26FEB09,KXHIGHMIA-26FEB09-T77,78° or above,78,,no
KXHIGHMIA,KMIA,high,2026-02-09,KXHIGHMIA-26FEB09,KXHIGHMIA-26FEB09-T70,69° or below,,69,no
KXHIGHMIA,KMIA,high,2026-02-09,KXHIGHMIA-26FEB09,KXHIGHMIA-26FEB09-B76.5,76° to 77°,76,77,no
KXHIGHMIA,KMIA,high,2026-02-09,KXHIGHMIA-26FEB09,KXHIGHMIA-26FEB09-B74.5,74° to 75°,74,75,yes
KXHIGHMIA,KMIA,high,2026-02-09,KXHIGHMIA-26FEB09,KXHIGHMIA-26FEB09-B72.5,72° to 73°,72,73,no
KXHIGHMIA,KMIA,high,2026-02-09,KXHIGHMIA-26FEB09,KXHIGHMIA-26FEB09-B70.5,70° to 71°,70,71,no
KXHIGHDEN,KDEN,high,2026-02-09,KXHIGHDEN-26FEB09,KXHIGHDEN-26FEB09-T71,72° or above,72,,no
KXHIGHDEN,KDEN,high,2026-02-09,KXHIGHDEN-26FEB09,KXHIGHDEN-26FEB09-T64,63° or below,,63,no
KXHIGHDEN,KDEN,high,2026-02-09,KXHIGHDEN-26FEB09,KXHIGHDEN-26FEB09-B70.5,70° to 71°,70,71,yes
KXHIGHDEN,KDEN,high,2026-02-09,KXHIGHDEN-26FEB09,KXHIGHDEN-26FEB09-B68.5,68° to 69°,68,69,no
KXHIGHDEN,KDEN,high,2026-02-09,KXHIGHDEN-26FEB09,KXHIGHDEN-26FEB09-B66.5,66° to 67°,66,67,no
KXHIGHDEN,KDEN,high,2026-02-09,KXHIGHDEN-26FEB09,KXHIGHDEN-26FEB09-B64.5,64° to 65°,64,65,no
KXHIGHCHI,KORD,high,2026-02-09,KXHIGHCHI-26FEB09,KXHIGHCHI-26FEB09-T43,44° or above,44,,no
KXHIGHCHI,KORD,high,2026-02-09,KXHIGHCHI-26FEB09,KXHIGHCHI-26FEB09-T36,35° or below,,35,no
KXHIGHCHI,KORD,high,2026-02-09,KXHIGHCHI-26FEB09,KXHIGHCHI-26FEB09-B42.5,42° to 43°,42,43,no
KXHIGHCHI,KORD,high,2026-02-09,KXHIGHCHI-26FEB09,KXHIGHCHI-26FEB09-B40.5,40° to 41°,40,41,no
KXHIGHCHI,KORD,high,2026-02-09,KXHIGHCHI-26FEB09,KXHIGHCHI-26FEB09-B38.5,38° to 39°,38,39,yes
KXHIGHCHI,KORD,high,2026-02-09,KXHIGHCHI-26FEB09,KXHIGHCHI-26FEB09-B36.5,36° to 37°,36,37,no
KXLOWTCHI,KORD,low,2026-02-09,KXLOWTCHI-26FEB09,KXLOWTCHI-26FEB09-T23,24° or above,24,,no
KXLOWTCHI,KORD,low,2026-02-09,KXLOWTCHI-26FEB09,KXLOWTCHI-26FEB09-T16,15° or below,,15,no
KXLOWTCHI,KORD,low,2026-02-09,KXLOWTCHI-26FEB09,KXLOWTCHI-26FEB09-B22.5,22° to 23°,22,23,yes
KXLOWTCHI,KORD,low,2026-02-09,KXLOWTCHI-26FEB09,KXLOWTCHI-26FEB09-B20.5,20° to 21°,20,21,no
KXLOWTCHI,KORD,low,2026-02-09,KXLOWTCHI-26FEB09,KXLOWTCHI-26FEB09-B18.5,18° to 19°,18,19,no
KXLOWTCHI,KORD,low,2026-02-09,KXLOWTCHI-26FEB09,KXLOWTCHI-26FEB09-B16.5,16° to 17°,16,17,no
KXHIGHNY,KNYC,high,2026-02-09,KXHIGHNY-26FEB09,KXHIGHNY-26FEB09-T35,36° or above,36,,no
KXHIGHNY,KNYC,high,2026-02-09,KXHIGHNY-26FEB09,KXHIGHNY-26FEB09-T28,27° or below,,27,no
KXHIGHNY,KNYC,high,2026-02-09,KXHIGHNY-26FEB09,KXHIGHNY-26FEB09-B34.5,34° to 35°,34,35,no
KXHIGHNY,KNYC,high,2026-02-09,KXHIGHNY-26FEB09,KXHIGHNY-26FEB09-B32.5,32° to 33°,32,33,no
KXHIGHNY,KNYC,high,2026-02-09,KXHIGHNY-26FEB09,KXHIGHNY-26FEB09-B30.5,30° to 31°,30,31,yes
KXHIGHNY,KNYC,high,2026-02-09,KXHIGHNY-26FEB09,KXHIGHNY-26FEB09-B28.5,28° to 29°,28,29,no
KXLOWTDEN,KDEN,low,2026-02-09,KXLOWTDEN-26FEB09,KXLOWTDEN-26FEB09-T39,40° or above,40,,no
KXLOWTDEN,KDEN,low,2026-02-09,KXLOWTDEN-26FEB09,KXLOWTDEN-26FEB09-T32,31° or below,,31,no
KXLOWTDEN,KDEN,low,2026-02-09,KXLOWTDEN-26FEB09,KXLOWTDEN-26FEB09-B38.5,38° to 39°,38,39,yes
KXLOWTDEN,KDEN,low,2026-02-09,KXLOWTDEN-26FEB09,KXLOWTDEN-26FEB09-B36.5,36° to 37°,36,37,no
KXLOWTDEN,KDEN,low,2026-02-09,KXLOWTDEN-26FEB09,KXLOWTDEN-26FEB09-B34.5,34° to 35°,34,35,no
KXLOWTDEN,KDEN,low,2026-02-09,KXLOWTDEN-26FEB09,KXLOWTDEN-26FEB09-B32.5,32° to 33°,32,33,no
KXLOWTNYC,KNYC,low,2026-02-09,KXLOWTNYC-26FEB09,KXLOWTNYC-26FEB09-T6,5° or below,,5,no
KXLOWTNYC,KNYC,low,2026-02-09,KXLOWTNYC-26FEB09,KXLOWTNYC-26FEB09-T13,14° or above,14,,no
KXLOWTNYC,KNYC,low,2026-02-09,KXLOWTNYC-26FEB09,KXLOWTNYC-26FEB09-B8.5,8° to 9°,8,9,no
KXLOWTNYC,KNYC,low,2026-02-09,KXLOWTNYC-26FEB09,KXLOWTNYC-26FEB09-B6.5,6° to 7°,6,7,no
KXLOWTNYC,KNYC,low,2026-02-09,KXLOWTNYC-26FEB09,KXLOWTNYC-26FEB09-B12.5,12° to 13°,12,13,no
KXLOWTNYC,KNYC,low,2026-02-09,KXLOWTNYC-26FEB09,KXLOWTNYC-26FEB09-B10.5,10° to 11°,10,11,yes
KXLOWTMIA,KMIA,low,2026-02-08,KXLOWTMIA-26FEB08,KXLOWTMIA-26FEB08-T56,57° or above,57,,no
KXLOWTMIA,KMIA,low,2026-02-08,KXLOWTMIA-26FEB08,KXLOWTMIA-26FEB08-T49,48° or below,,48,no
KXLOWTMIA,KMIA,low,2026-02-08,KXLOWTMIA-26FEB08,KXLOWTMIA-26FEB08-B55.5,55° to 56°,55,56,no
KXLOWTMIA,KMIA,low,2026-02-08,KXLOWTMIA-26FEB08,KXLOWTMIA-26FEB08-B53.5,53° to 54°,53,54,yes
KXLOWTMIA,KMIA,low,2026-02-08,KXLOWTMIA-26FEB08,KXLOWTMIA-26FEB08-B51.5,51° to 52°,51,52,no
KXLOWTMIA,KMIA,low,2026-02-08,KXLOWTMIA-26FEB08,KXLOWTMIA-26FEB08-B49.5,49° to 50°,49,50,no
KXHIGHCHI,KORD,high,2026-02-08,KXHIGHCHI-26FEB08,KXHIGHCHI-26FEB08-T35,36° or above,36,,no
KXHIGHCHI,KORD,high,2026-02-08,KXHIGHCHI-26FEB08,KXHIGHCHI-26FEB08-T28,27° or below,,27,no
KXHIGHCHI,KORD,high,2026-02-08,KXHIGHCHI-26FEB08,KXHIGHCHI-26FEB08-B34.5,34° to 35°,34,35,no
KXHIGHCHI,KORD,high,2026-02-08,KXHIGHCHI-26FEB08,KXHIGHCHI-26FEB08-B32.5,32° to 33°,32,33,no
KXHIGHCHI,KORD,high,2026-02-08,KXHIGHCHI-26FEB08,KXHIGHCHI-26FEB08-B30.5,30° to 31°,30,31,yes
KXHIGHCHI,KORD,high,2026-02-08,KXHIGHCHI-26FEB08,KXHIGHCHI-26FEB08-B28.5,28° to 29°,28,29,no
KXHIGHDEN,KDEN,high,2026-02-08,KXHIGHDEN-26FEB08,KXHIGHDEN-26FEB08-T69,70° or above,70,,no
KXHIGHDEN,KDEN,high,2026-02-08,KXHIGHDEN-26FEB08,KXHIGHDEN-26FEB08-T62,61° or below,,61,no
KXHIGHDEN,KDEN,high,2026-02-08,KXHIGHDEN-26FEB08,KXHIGHDEN-26FEB08-B68.5,68° to 69°,68,69,no
KXHIGHDEN,KDEN,high,2026-02-08,KXHIGHDEN-26FEB08,KXHIGHDEN-26FEB08-B66.5,66° to 67°,66,67,no
KXHIGHDEN,KDEN,high,2026-02-08,KXHIGHDEN-26FEB08,KXHIGHDEN-26FEB08-B64.5,64° to 65°,64,65,yes
KXHIGHDEN,KDEN,high,2026-02-08,KXHIGHDEN-26FEB08,KXHIGHDEN-26FEB08-B62.5,62° to 63°,62,63,no
KXHIGHMIA,KMIA,high,2026-02-08,KXHIGHMIA-26FEB08,KXHIGHMIA-26FEB08-T75,76° or above,76,,no
KXHIGHMIA,KMIA,high,2026-02-08,KXHIGHMIA-26FEB08,KXHIGHMIA-26FEB08-T68,67° or below,,67,no
KXHIGHMIA,KMIA,high,2026-02-08,KXHIGHMIA-26FEB08,KXHIGHMIA-26FEB08-B74.5,74° to 75°,74,75,yes
KXHIGHMIA,KMIA,high,2026-02-08,KXHIGHMIA-26FEB08,KXHIGHMIA-26FEB08-B72.5,72° to 73°,72,73,no
KXHIGHMIA,KMIA,high,2026-02-08,KXHIGHMIA-26FEB08,KXHIGHMIA-26FEB08-B70.5,70° to 71°,70,71,no
KXHIGHMIA,KMIA,high,2026-02-08,KXHIGHMIA-26FEB08,KXHIGHMIA-26FEB08-B68.5,68° to 69°,68,69,no
KXLOWTCHI,KORD,low,2026-02-08,KXLOWTCHI-26FEB08,KXLOWTCHI-26FEB08-T20,21° or above,21,,no
KXLOWTCHI,KORD,low,2026-02-08,KXLOWTCHI-26FEB08,KXLOWTCHI-26FEB08-T13,12° or below,,12,no
KXLOWTCHI,KORD,low,2026-02-08,KXLOWTCHI-26FEB08,KXLOWTCHI-26FEB08-B19.5,19° to 20°,19,20,yes
KXLOWTCHI,KORD,low,2026-02-08,KXLOWTCHI-26FEB08,KXLOWTCHI-26FEB08-B17.5,17° to 18°,17,18,no
KXLOWTCHI,KORD,low,2026-02-08,KXLOWTCHI-26FEB08,KXLOWTCHI-26FEB08-B15.5,15° to 16°,15,16,no
KXLOWTCHI,KORD,low,2026-02-08,KXLOWTCHI-26FEB08,KXLOWTCHI-26FEB08-B13.5,13° to 14°,13,14,no
KXHIGHNY,KNYC,high,2026-02-08,KXHIGHNY-26FEB08,KXHIGHNY-26FEB08-T24,25° or above,25,,no
KXHIGHNY,KNYC,high,2026-02-08,KXHIGHNY-26FEB08,KXHIGHNY-26FEB08-T17,16° or below,,16,no
KXHIGHNY,KNYC,high,2026-02-08,KXHIGHNY-26FEB08,KXHIGHNY-26FEB08-B23.5,23° to 24°,23,24,no
KXHIGHNY,KNYC,high,2026-02-08,KXHIGHNY-26FEB08,KXHIGHNY-26FEB08-B21.5,21° to 22°,21,22,no
KXHIGHNY,KNYC,high,2026-02-08,KXHIGHNY-26FEB08,KXHIGHNY-26FEB08-B19.5,19° to 20°,19,20,no
KXHIGHNY,KNYC,high,2026-02-08,KXHIGHNY-26FEB08,KXHIGHNY-26FEB08-B17.5,17° to 18°,17,18,yes
KXLOWTDEN,KDEN,low,2026-02-08,KXLOWTDEN-26FEB08,KXLOWTDEN-26FEB08-T37,38° or above,38,,no
KXLOWTDEN,KDEN,low,2026-02-08,KXLOWTDEN-26FEB08,KXLOWTDEN-26FEB08-T30,29° or below,,29,no
KXLOWTDEN,KDEN,low,2026-02-08,KXLOWTDEN-26FEB08,KXLOWTDEN-26FEB08-B36.5,36° to 37°,36,37,yes
KXLOWTDEN,KDEN,low,2026-02-08,KXLOWTDEN-26FEB08,KXLOWTDEN-26FEB08-B34.5,34° to 35°,34,35,no
KXLOWTDEN,KDEN,low,2026-02-08,KXLOWTDEN-26FEB08,KXLOWTDEN-26FEB08-B32.5,32° to 33°,32,33,no
KXLOWTDEN,KDEN,low,2026-02-08,KXLOWTDEN-26FEB08,KXLOWTDEN-26FEB08-B30.5,30° to 31°,30,31,no
KXLOWTNYC,KNYC,low,2026-02-08,KXLOWTNYC-26FEB08,KXLOWTNYC-26FEB08-T7,8° or above,8,,no
KXLOWTNYC,KNYC,low,2026-02-08,KXLOWTNYC-26FEB08,KXLOWTNYC-26FEB08-T0,-1° or below,,-1,no
KXLOWTNYC,KNYC,low,2026-02-08,KXLOWTNYC-26FEB08,KXLOWTNYC-26FEB08-B6.5,6° to 7°,6,7,no
KXLOWTNYC,KNYC,low,2026-02-08,KXLOWTNYC-26FEB08,KXLOWTNYC-26FEB08-B4.5,4° to 5°,4,5,no
KXLOWTNYC,KNYC,low,2026-02-08,KXLOWTNYC-26FEB08,KXLOWTNYC-26FEB08-B2.5,2° to 3°,2,3,yes
KXLOWTNYC,KNYC,low,2026-02-08,KXLOWTNYC-26FEB08,KXLOWTNYC-26FEB08-B0.5,0° to 1°,0,1,no
KXHIGHMIA,KMIA,high,2026-02-07,KXHIGHMIA-26FEB07,KXHIGHMIA-26FEB07-T79,80° or above,80,,no
KXHIGHMIA,KMIA,high,2026-02-07,KXHIGHMIA-26FEB07,KXHIGHMIA-26FEB07-T72,71° or below,,71,no
KXHIGHMIA,KMIA,high,2026-02-07,KXHIGHMIA-26FEB07,KXHIGHMIA-26FEB07-B78.5,78° to 79°,78,79,yes
KXHIGHMIA,KMIA,high,2026-02-07,KXHIGHMIA-26FEB07,KXHIGHMIA-26FEB07-B76.5,76° to 77°,76,77,no
KXHIGHMIA,KMIA,high,2026-02-07,KXHIGHMIA-26FEB07,KXHIGHMIA-26FEB07-B74.5,74° to 75°,74,75,no
KXHIGHMIA,KMIA,high,2026-02-07,KXHIGHMIA-26FEB07,KXHIGHMIA-26FEB07-B72.5,72° to 73°,72,73,no
KXHIGHDEN,KDEN,high,2026-02-07,KXHIGHDEN-26FEB07,KXHIGHDEN-26FEB07-T68,69° or above,69,,no
KXHIGHDEN,KDEN,high,2026-02-07,KXHIGHDEN-26FEB07,KXHIGHDEN-26FEB07-T61,60° or below,,60,no
KXHIGHDEN,KDEN,high,2026-02-07,KXHIGHDEN-26FEB07,KXHIGHDEN-26FEB07-B67.5,67° to 68°,67,68,no
KXHIGHDEN,KDEN,high,2026-02-07,KXHIGHDEN-26FEB07,KXHIGHDEN-26FEB07-B65.5,65° to 66°,65,66,yes
KXHIGHDEN,KDEN,high,2026-02-07,KXHIGHDEN-26FEB07,KXHIGHDEN-26FEB07-B63.5,63° to 64°,63,64,no
KXHIGHDEN,KDEN,high,2026-02-07,KXHIGHDEN-26FEB07,KXHIGHDEN-26FEB07-B61.5,61° to 62°,61,62,no
KXLOWTCHI,KORD,low,2026-02-07,KXLOWTCHI-26FEB07,KXLOWTCHI-26FEB07-T5,4° or below,,4,no
KXLOWTCHI,KORD,low,2026-02-07,KXLOWTCHI-26FEB07,KXLOWTCHI-26FEB07-T12,13° or above,13,,yes
KXLOWTCHI,KORD,low,2026-02-07,KXLOWTCHI-26FEB07,KXLOWTCHI-26FEB07-B9.5,9° to 10°,9,10,no
KXLOWTCHI,KORD,low,2026-02-07,KXLOWTCHI-26FEB07,KXLOWTCHI-26FEB07-B7.5,7° to 8°,7,8,no
KXLOWTCHI,KORD,low,2026-02-07,KXLOWTCHI-26FEB07,KXLOWTCHI-26FEB07-B5.5,5° to 6°,5,6,no
KXLOWTCHI,KORD,low,2026-02-07,KXLOWTCHI-26FEB07,KXLOWTCHI-26FEB07-B11.5,11° to 12°,11,12,no
KXHIGHCHI,KORD,high,2026-02-07,KXHIGHCHI-26FEB07,KXHIGHCHI-26FEB07-T29,30° or above,30,,no
KXHIGHCHI,KORD,high,2026-02-07,KXHIGHCHI-26FEB07,KXHIGHCHI-26FEB07-T22,21° or below,,21,no
KXHIGHCHI,KORD,high,2026-02-07,KXHIGHCHI-26FEB07,KXHIGHCHI-26FEB07-B28.5,28° to 29°,28,29,no
KXHIGHCHI,KORD,high,2026-02-07,KXHIGHCHI-26FEB07,KXHIGHCHI-26FEB07-B26.5,26° to 27°,26,27,no
KXHIGHCHI,KORD,high,2026-02-07,KXHIGHCHI-26FEB07,KXHIGHCHI-26FEB07-B24.5,24° to 25°,24,25,yes
KXHIGHCHI,KORD,high,2026-02-07,KXHIGHCHI-26FEB07,KXHIGHCHI-26FEB07-B22.5,22° to 23°,22,23,no
KXLOWTDEN,KDEN,low,2026-02-07,KXLOWTDEN-26FEB07,KXLOWTDEN-26FEB07-T38,39° or above,39,,no
KXLOWTDEN,KDEN,low,2026-02-07,KXLOWTDEN-26FEB07,KXLOWTDEN-26FEB07-T31,30° or below,,30,no
KXLOWTDEN,KDEN,low,2026-02-07,KXLOWTDEN-26FEB07,KXLOWTDEN-26FEB07-B37.5,37° to 38°,37,38,no
KXLOWTDEN,KDEN,low,2026-02-07,KXLOWTDEN-26FEB07,KXLOWTDEN-26FEB07-B35.5,35° to 36°,35,36,yes
KXLOWTDEN,KDEN,low,2026-02-07,KXLOWTDEN-26FEB07,KXLOWTDEN-26FEB07-B33.5,33° to 34°,33,34,no
KXLOWTDEN,KDEN,low,2026-02-07,KXLOWTDEN-26FEB07,KXLOWTDEN-26FEB07-B31.5,31° to 32°,31,32,no
KXLOWTMIA,KMIA,low,2026-02-07,KXLOWTMIA-26FEB07,KXLOWTMIA-26FEB07-T54,55° or above,55,,no
KXLOWTMIA,KMIA,low,2026-02-07,KXLOWTMIA-26FEB07,KXLOWTMIA-26FEB07-T47,46° or below,,46,no
KXLOWTMIA,KMIA,low,2026-02-07,KXLOWTMIA-26FEB07,KXLOWTMIA-26FEB07-B53.5,53° to 54°,53,54,no
KXLOWTMIA,KMIA,low,2026-02-07,KXLOWTMIA-26FEB07,KXLOWTMIA-26FEB07-B51.5,51° to 52°,51,52,yes
KXLOWTMIA,KMIA,low,2026-02-07,KXLOWTMIA-26FEB07,KXLOWTMIA-26FEB07-B49.5,49° to 50°,49,50,no
KXLOWTMIA,KMIA,low,2026-02-07,KXLOWTMIA-26FEB07,KXLOWTMIA-26FEB07-B47.5,47° to 48°,47,48,no
KXHIGHNY,KNYC,high,2026-02-07,KXHIGHNY-26FEB07,KXHIGHNY-26FEB07-T31,32° or above,32,,no
KXHIGHNY,KNYC,high,2026-02-07,KXHIGHNY-26FEB07,KXHIGHNY-26FEB07-T24,23° or below,,23,no
KXHIGHNY,KNYC,high,2026-02-07,KXHIGHNY-26FEB07,KXHIGHNY-26FEB07-B30.5,30° to 31°,30,31,no
KXHIGHNY,KNYC,high,2026-02-07,KXHIGHNY-26FEB07,KXHIGHNY-26FEB07-B28.5,28° to 29°,28,29,no
KXHIGHNY,KNYC,high,2026-02-07,KXHIGHNY-26FEB07,KXHIGHNY-26FEB07-B26.5,26° to 27°,26,27,yes
KXHIGHNY,KNYC,high,2026-02-07,KXHIGHNY-26FEB07,KXHIGHNY-26FEB07-B24.5,24° to 25°,24,25,no
KXLOWTNYC,KNYC,low,2026-02-07,KXLOWTNYC-26FEB07,KXLOWTNYC-26FEB07-T9,10° or above,10,,no
KXLOWTNYC,KNYC,low,2026-02-07,KXLOWTNYC-26FEB07,KXLOWTNYC-26FEB07-T2,1° or below,,1,no
KXLOWTNYC,KNYC,low,2026-02-07,KXLOWTNYC-26FEB07,KXLOWTNYC-26FEB07-B8.5,8° to 9°,8,9,no
KXLOWTNYC,KNYC,low,2026-02-07,KXLOWTNYC-26FEB07,KXLOWTNYC-26FEB07-B6.5,6° to 7°,6,7,yes
KXLOWTNYC,KNYC,low,2026-02-07,KXLOWTNYC-26FEB07,KXLOWTNYC-26FEB07-B4.5,4° to 5°,4,5,no
KXLOWTNYC,KNYC,low,2026-02-07,KXLOWTNYC-26FEB07,KXLOWTNYC-26FEB07-B2.5,2° to 3°,2,3,no
KXLOWTCHI,KORD,low,2026-02-06,KXLOWTCHI-26FEB06,KXLOWTCHI-26FEB06-T21,22° or above,22,,yes
KXLOWTCHI,KORD,low,2026-02-06,KXLOWTCHI-26FEB06,KXLOWTCHI-26FEB06-T14,13° or below,,13,no
KXLOWTCHI,KORD,low,2026-02-06,KXLOWTCHI-26FEB06,KXLOWTCHI-26FEB06-B20.5,20° to 21°,20,21,no
KXLOWTCHI,KORD,low,2026-02-06,KXLOWTCHI-26FEB06,KXLOWTCHI-26FEB06-B18.5,18° to 19°,18,19,no
KXLOWTCHI,KORD,low,2026-02-06,KXLOWTCHI-26FEB06,KXLOWTCHI-26FEB06-B16.5,16° to 17°,16,17,no
KXLOWTCHI,KORD,low,2026-02-06,KXLOWTCHI-26FEB06,KXLOWTCHI-26FEB06-B14.5,14° to 15°,14,15,no
KXLOWTDEN,KDEN,low,2026-02-06,KXLOWTDEN-26FEB06,KXLOWTDEN-26FEB06-T37,38° or above,38,,no
KXLOWTDEN,KDEN,low,2026-02-06,KXLOWTDEN-26FEB06,KXLOWTDEN-26FEB06-T30,29° or below,,29,no
KXLOWTDEN,KDEN,low,2026-02-06,KXLOWTDEN-26FEB06,KXLOWTDEN-26FEB06-B36.5,36° to 37°,36,37,no
KXLOWTDEN,KDEN,low,2026-02-06,KXLOWTDEN-26FEB06,KXLOWTDEN-26FEB06-B34.5,34° to 35°,34,35,no
KXLOWTDEN,KDEN,low,2026-02-06,KXLOWTDEN-26FEB06,KXLOWTDEN-26FEB06-B32.5,32° to 33°,32,33,no
KXLOWTDEN,KDEN,low,2026-02-06,KXLOWTDEN-26FEB06,KXLOWTDEN-26FEB06-B30.5,30° to 31°,30,31,yes
KXLOWTMIA,KMIA,low,2026-02-06,KXLOWTMIA-26FEB06,KXLOWTMIA-26FEB06-T45,46° or above,46,,no
KXLOWTMIA,KMIA,low,2026-02-06,KXLOWTMIA-26FEB06,KXLOWTMIA-26FEB06-T38,37° or below,,37,no
KXLOWTMIA,KMIA,low,2026-02-06,KXLOWTMIA-26FEB06,KXLOWTMIA-26FEB06-B44.5,44° to 45°,44,45,yes
KXLOWTMIA,KMIA,low,2026-02-06,KXLOWTMIA-26FEB06,KXLOWTMIA-26FEB06-B42.5,42° to 43°,42,43,no
KXLOWTMIA,KMIA,low,2026-02-06,KXLOWTMIA-26FEB06,KXLOWTMIA-26FEB06-B40.5,40° to 41°,40,41,no
KXLOWTMIA,KMIA,low,2026-02-06,KXLOWTMIA-26FEB06,KXLOWTMIA-26FEB06-B38.5,38° to 39°,38,39,no
KXLOWTNYC,KNYC,low,2026-02-06,KXLOWTNYC-26FEB06,KXLOWTNYC-26FEB06-T18,19° or above,19,,yes
KXLOWTNYC,KNYC,low,2026-02-06,KXLOWTNYC-26FEB06,KXLOWTNYC-26FEB06-T11,10° or below,,10,no
KXLOWTNYC,KNYC,low,2026-02-06,KXLOWTNYC-26FEB06,KXLOWTNYC-26FEB06-B17.5,17° to 18°,17,18,no
KXLOWTNYC,KNYC,low,2026-02-06,KXLOWTNYC-26FEB06,KXLOWTNYC-26FEB06-B15.5,15° to 16°,15,16,no
KXLOWTNYC,KNYC,low,2026-02-06,KXLOWTNYC-26FEB06,KXLOWTNYC-26FEB06-B13.5,13° to 14°,13,14,no
KXLOWTNYC,KNYC,low,2026-02-06,KXLOWTNYC-26FEB06,KXLOWTNYC-26FEB06-B11.5,11° to 12°,11,12,no
KXHIGHCHI,KORD,high,2026-02-06,KXHIGHCHI-26FEB06,KXHIGHCHI-26FEB06-T42,43° or above,43,,no
KXHIGHCHI,KORD,high,2026-02-06,KXHIGHCHI-26FEB06,KXHIGHCHI-26FEB06-T35,34° or below,,34,no
KXHIGHCHI,KORD,high,2026-02-06,KXHIGHCHI-26FEB06,KXHIGHCHI-26FEB06-B41.5,41° to 42°,41,42,no
KXHIGHCHI,KORD,high,2026-02-06,KXHIGHCHI-26FEB06,KXHIGHCHI-26FEB06-B39.5,39° to 40°,39,40,no
KXHIGHCHI,KORD,high,2026-02-06,KXHIGHCHI-26FEB06,KXHIGHCHI-26FEB06-B37.5,37° to 38°,37,38,yes
KXHIGHCHI,KORD,high,2026-02-06,KXHIGHCHI-26FEB06,KXHIGHCHI-26FEB06-B35.5,35° to 36°,35,36,no
KXHIGHNY,KNYC,high,2026-02-06,KXHIGHNY-26FEB06,KXHIGHNY-26FEB06-T33,34° or above,34,,no
KXHIGHNY,KNYC,high,2026-02-06,KXHIGHNY-26FEB06,KXHIGHNY-26FEB06-T26,25° or below,,25,no
KXHIGHNY,KNYC,high,2026-02-06,KXHIGHNY-26FEB06,KXHIGHNY-26FEB06-B32.5,32° to 33°,32,33,yes
KXHIGHNY,KNYC,high,2026-02-06,KXHIGHNY-26FEB06,KXHIGHNY-26FEB06-B30.5,30° to 31°,30,31,no
KXHIGHNY,KNYC,high,2026-02-06,KXHIGHNY-26FEB06,KXHIGHNY-26FEB06-B28.5,28° to 29°,28,29,no
KXHIGHNY,KNYC,high,2026-02-06,KXHIGHNY-26FEB06,KXHIGHNY-26FEB06-B26.5,26° to 27°,26,27,no
KXHIGHDEN,KDEN,high,2026-02-06,KXHIGHDEN-26FEB06,KXHIGHDEN-26FEB06-T70,71° or above,71,,no
KXHIGHDEN,KDEN,high,2026-02-06,KXHIGHDEN-26FEB06,KXHIGHDEN-26FEB06-T63,62° or below,,62,no
KXHIGHDEN,KDEN,high,2026-02-06,KXHIGHDEN-26FEB06,KXHIGHDEN-26FEB06-B69.5,69° to 70°,69,70,no
KXHIGHDEN,KDEN,high,2026-02-06,KXHIGHDEN-26FEB06,KXHIGHDEN-26FEB06-B67.5,67° to 68°,67,68,no
KXHIGHDEN,KDEN,high,2026-02-06,KXHIGHDEN-26FEB06,KXHIGHDEN-26FEB06-B65.5,65° to 66°,65,66,yes
KXHIGHDEN,KDEN,high,2026-02-06,KXHIGHDEN-26FEB06,KXHIGHDEN-26FEB06-B63.5,63° to 64°,63,64,no
KXHIGHMIA,KMIA,high,2026-02-06,KXHIGHMIA-26FEB06,KXHIGHMIA-26FEB06-T70,71° or above,71,,no
KXHIGHMIA,KMIA,high,2026-02-06,KXHIGHMIA-26FEB06,KXHIGHMIA-26FEB06-T63,62° or below,,62,no
KXHIGHMIA,KMIA,high,2026-02-06,KXHIGHMIA-26FEB06,KXHIGHMIA-26FEB06-B69.5,69° to 70°,69,70,no
KXHIGHMIA,KMIA,high,2026-02-06,KXHIGHMIA-26FEB06,KXHIGHMIA-26FEB06-B67.5,67° to 68°,67,68,no
KXHIGHMIA,KMIA,high,2026-02-06,KXHIGHMIA-26FEB06,KXHIGHMIA-26FEB06-B65.5,65° to 66°,65,66,yes
KXHIGHMIA,KMIA,high,2026-02-06,KXHIGHMIA-26FEB06,KXHIGHMIA-26FEB06-B63.5,63° to 64°,63,64,no
KXLOWTNYC,KNYC,low,2026-02-05,KXLOWTNYC-26FEB05,KXLOWTNYC-26FEB05-T19,20° or above,20,,yes
KXLOWTNYC,KNYC,low,2026-02-05,KXLOWTNYC-26FEB05,KXLOWTNYC-26FEB05-T12,11° or below,,11,no
KXLOWTNYC,KNYC,low,2026-02-05,KXLOWTNYC-26FEB05,KXLOWTNYC-26FEB05-B18.5,18° to 19°,18,19,no
KXLOWTNYC,KNYC,low,2026-02-05,KXLOWTNYC-26FEB05,KXLOWTNYC-26FEB05-B16.5,16° to 17°,16,17,no
KXLOWTNYC,KNYC,low,2026-02-05,KXLOWTNYC-26FEB05,KXLOWTNYC-26FEB05-B14.5,14° to 15°,14,15,no
KXLOWTNYC,KNYC,low,2026-02-05,KXLOWTNYC-26FEB05,KXLOWTNYC-26FEB05-B12.5,12° to 13°,12,13,no
KXLOWTMIA,KMIA,low,2026-02-05,KXLOWTMIA-26FEB05,KXLOWTMIA-26FEB05-T53,54° or above,54,,no
KXLOWTMIA,KMIA,low,2026-02-05,KXLOWTMIA-26FEB05,KXLOWTMIA-26FEB05-T46,45° or below,,45,no
KXLOWTMIA,KMIA,low,2026-02-05,KXLOWTMIA-26FEB05,KXLOWTMIA-26FEB05-B52.5,52° to 53°,52,53,no
KXLOWTMIA,KMIA,low,2026-02-05,KXLOWTMIA-26FEB05,KXLOWTMIA-26FEB05-B50.5,50° to 51°,50,51,no
KXLOWTMIA,KMIA,low,2026-02-05,KXLOWTMIA-26FEB05,KXLOWTMIA-26FEB05-B48.5,48° to 49°,48,49,yes
KXLOWTMIA,KMIA,low,2026-02-05,KXLOWTMIA-26FEB05,KXLOWTMIA-26FEB05-B46.5,46° to 47°,46,47,no
KXLOWTDEN,KDEN,low,2026-02-05,KXLOWTDEN-26FEB05,KXLOWTDEN-26FEB05-T35,36° or above,36,,no
KXLOWTDEN,KDEN,low,2026-02-05,KXLOWTDEN-26FEB05,KXLOWTDEN-26FEB05-T28,27° or below,,27,no
KXLOWTDEN,KDEN,low,2026-02-05,KXLOWTDEN-26FEB05,KXLOWTDEN-26FEB05-B34.5,34° to 35°,34,35,no
KXLOWTDEN,KDEN,low,2026-02-05,KXLOWTDEN-26FEB05,KXLOWTDEN-26FEB05-B32.5,32° to 33°,32,33,no
KXLOWTDEN,KDEN,low,2026-02-05,KXLOWTDEN-26FEB05,KXLOWTDEN-26FEB05-B30.5,30° to 31°,30,31,yes
KXLOWTDEN,KDEN,low,2026-02-05,KXLOWTDEN-26FEB05,KXLOWTDEN-26FEB05-B28.5,28° to 29°,28,29,no
KXHIGHDEN,KDEN,high,2026-02-05,KXHIGHDEN-26FEB05,KXHIGHDEN-26FEB05-T67,68° or above,68,,no
KXHIGHDEN,KDEN,high,2026-02-05,KXHIGHDEN-26FEB05,KXHIGHDEN-26FEB05-T60,59° or below,,59,no
KXHIGHDEN,KDEN,high,2026-02-05,KXHIGHDEN-26FEB05,KXHIGHDEN-26FEB05-B66.5,66° to 67°,66,67,no
KXHIGHDEN,KDEN,high,2026-02-05,KXHIGHDEN-26FEB05,KXHIGHDEN-26FEB05-B64.5,64° to 65°,64,65,yes
KXHIGHDEN,KDEN,high,2026-02-05,KXHIGHDEN-26FEB05,KXHIGHDEN-26FEB05-B62.5,62° to 63°,62,63,no
KXHIGHDEN,KDEN,high,2026-02-05,KXHIGHDEN-26FEB05,KXHIGHDEN-26FEB05-B60.5,60° to 61°,60,61,no
KXLOWTCHI,KORD,low,2026-02-05,KXLOWTCHI-26FEB05,KXLOWTCHI-26FEB05-T17,18° or above,18,,no
KXLOWTCHI,KORD,low,2026-02-05,KXLOWTCHI-26FEB05,KXLOWTCHI-26FEB05-T10,9° or below,,9,no
KXLOWTCHI,KORD,low,2026-02-05,KXLOWTCHI-26FEB05,KXLOWTCHI-26FEB05-B16.5,16° to 17°,16,17,yes
KXLOWTCHI,KORD,low,2026-02-05,KXLOWTCHI-26FEB05,KXLOWTCHI-26FEB05-B14.5,14° to 15°,14,15,no
KXLOWTCHI,KORD,low,2026-02-05,KXLOWTCHI-26FEB05,KXLOWTCHI-26FEB05-B12.5,12° to 13°,12,13,no
KXLOWTCHI,KORD,low,2026-02-05,KXLOWTCHI-26FEB05,KXLOWTCHI-26FEB05-B10.5,10° to 11°,10,11,no
KXHIGHMIA,KMIA,high,2026-02-05,KXHIGHMIA-26FEB05,KXHIGHMIA-26FEB05-T76,77° or above,77,,no
KXHIGHMIA,KMIA,high,2026-02-05,KXHIGHMIA-26FEB05,KXHIGHMIA-26FEB05-T69,68° or below,,68,no
KXHIGHMIA,KMIA,high,2026-02-05,KXHIGHMIA-26FEB05,KXHIGHMIA-26FEB05-B75.5,75° to 76°,75,76,no
KXHIGHMIA,KMIA,high,2026-02-05,KXHIGHMIA-26FEB05,KXHIGHMIA-26FEB05-B73.5,73° to 74°,73,74,yes
KXHIGHMIA,KMIA,high,2026-02-05,KXHIGHMIA-26FEB05,KXHIGHMIA-26FEB05-B71.5,71° to 72°,71,72,no
KXHIGHMIA,KMIA,high,2026-02-05,KXHIGHMIA-26FEB05,KXHIGHMIA-26FEB05-B69.5,69° to 70°,69,70,no
KXHIGHCHI,KORD,high,2026-02-05,KXHIGHCHI-26FEB05,KXHIGHCHI-26FEB05-T36,37° or above,37,,no
KXHIGHCHI,KORD,high,2026-02-05,KXHIGHCHI-26FEB05,KXHIGHCHI-26FEB05-T29,28° or below,,28,no
KXHIGHCHI,KORD,high,2026-02-05,KXHIGHCHI-26FEB05,KXHIGHCHI-26FEB05-B35.5,35° to 36°,35,36,no
KXHIGHCHI,KORD,high,2026-02-05,KXHIGHCHI-26FEB05,KXHIGHCHI-26FEB05-B33.5,33° to 34°,33,34,no
KXHIGHCHI,KORD,high,2026-02-05,KXHIGHCHI-26FEB05,KXHIGHCHI-26FEB05-B31.5,31° to 32°,31,32,no
KXHIGHCHI,KORD,high,2026-02-05,KXHIGHCHI-26FEB05,KXHIGHCHI-26FEB05-B29.5,29° to 30°,29,30,yes
KXHIGHNY,KNYC,high,2026-02-05,KXHIGHNY-26FEB05,KXHIGHNY-26FEB05-T36,37° or above,37,,no
KXHIGHNY,KNYC,high,2026-02-05,KXHIGHNY-26FEB05,KXHIGHNY-26FEB05-T29,28° or below,,28,no
KXHIGHNY,KNYC,high,2026-02-05,KXHIGHNY-26FEB05,KXHIGHNY-26FEB05-B35.5,35° to 36°,35,36,no
KXHIGHNY,KNYC,high,2026-02-05,KXHIGHNY-26FEB05,KXHIGHNY-26FEB05-B33.5,33° to 34°,33,34,no
KXHIGHNY,KNYC,high,2026-02-05,KXHIGHNY-26FEB05,KXHIGHNY-26FEB05-B31.5,31° to 32°,31,32,yes
KXHIGHNY,KNYC,high,2026-02-05,KXHIGHNY-26FEB05,KXHIGHNY-26FEB05-B29.5,29° to 30°,29,30,no
KXLOWTMIA,KMIA,low,2026-02-04,KXLOWTMIA-26FEB04,KXLOWTMIA-26FEB04-T58,59° or above,59,,no
KXLOWTMIA,KMIA,low,2026-02-04,KXLOWTMIA-26FEB04,KXLOWTMIA-26FEB04-T51,50° or below,,50,no
KXLOWTMIA,KMIA,low,2026-02-04,KXLOWTMIA-26FEB04,KXLOWTMIA-26FEB04-B57.5,57° to 58°,57,58,no
KXLOWTMIA,KMIA,low,2026-02-04,KXLOWTMIA-26FEB04,KXLOWTMIA-26FEB04-B55.5,55° to 56°,55,56,no
KXLOWTMIA,KMIA,low,2026-02-04,KXLOWTMIA-26FEB04,KXLOWTMIA-26FEB04-B53.5,53° to 54°,53,54,yes
KXLOWTMIA,KMIA,low,2026-02-04,KXLOWTMIA-26FEB04,KXLOWTMIA-26FEB04-B51.5,51° to 52°,51,52,no
KXLOWTCHI,KORD,low,2026-02-04,KXLOWTCHI-26FEB04,KXLOWTCHI-26FEB04-T8,7° or below,,7,no
KXLOWTCHI,KORD,low,2026-02-04,KXLOWTCHI-26FEB04,KXLOWTCHI-26FEB04-T15,16° or above,16,,yes
KXLOWTCHI,KORD,low,2026-02-04,KXLOWTCHI-26FEB04,KXLOWTCHI-26FEB04-B8.5,8° to 9°,8,9,no
KXLOWTCHI,KORD,low,2026-02-04,KXLOWTCHI-26FEB04,KXLOWTCHI-26FEB04-B14.5,14° to 15°,14,15,no
KXLOWTCHI,KORD,low,2026-02-04,KXLOWTCHI-26FEB04,KXLOWTCHI-26FEB04-B12.5,12° to 13°,12,13,no
KXLOWTCHI,KORD,low,2026-02-04,KXLOWTCHI-26FEB04,KXLOWTCHI-26FEB04-B10.5,10° to 11°,10,11,no
KXLOWTNYC,KNYC,low,2026-02-04,KXLOWTNYC-26FEB04,KXLOWTNYC-26FEB04-T23,24° or above,24,,yes
KXLOWTNYC,KNYC,low,2026-02-04,KXLOWTNYC-26FEB04,KXLOWTNYC-26FEB04-T16,15° or below,,15,no
KXLOWTNYC,KNYC,low,2026-02-04,KXLOWTNYC-26FEB04,KXLOWTNYC-26FEB04-B22.5,22° to 23°,22,23,no
KXLOWTNYC,KNYC,low,2026-02-04,KXLOWTNYC-26FEB04,KXLOWTNYC-26FEB04-B20.5,20° to 21°,20,21,no
KXLOWTNYC,KNYC,low,2026-02-04,KXLOWTNYC-26FEB04,KXLOWTNYC-26FEB04-B18.5,18° to 19°,18,19,no
KXLOWTNYC,KNYC,low,2026-02-04,KXLOWTNYC-26FEB04,KXLOWTNYC-26FEB04-B16.5,16° to 17°,16,17,no
KXLOWTDEN,KDEN,low,2026-02-04,KXLOWTDEN-26FEB04,KXLOWTDEN-26FEB04-T30,31° or above,31,,no
KXLOWTDEN,KDEN,low,2026-02-04,KXLOWTDEN-26FEB04,KXLOWTDEN-26FEB04-T23,22° or below,,22,no
KXLOWTDEN,KDEN,low,2026-02-04,KXLOWTDEN-26FEB04,KXLOWTDEN-26FEB04-B29.5,29° to 30°,29,30,no
KXLOWTDEN,KDEN,low,2026-02-04,KXLOWTDEN-26FEB04,KXLOWTDEN-26FEB04-B27.5,27° to 28°,27,28,no
KXLOWTDEN,KDEN,low,2026-02-04,KXLOWTDEN-26FEB04,KXLOWTDEN-26FEB04-B25.5,25° to 26°,25,26,no
KXLOWTDEN,KDEN,low,2026-02-04,KXLOWTDEN-26FEB04,KXLOWTDEN-26FEB04-B23.5,23° to 24°,23,24,yes
KXHIGHMIA,KMIA,high,2026-02-04,KXHIGHMIA-26FEB04,KXHIGHMIA-26FEB04-T77,78° or above,78,,no
KXHIGHMIA,KMIA,high,2026-02-04,KXHIGHMIA-26FEB04,KXHIGHMIA-26FEB04-T70,69° or below,,69,no
KXHIGHMIA,KMIA,high,2026-02-04,KXHIGHMIA-26FEB04,KXHIGHMIA-26FEB04-B76.5,76° to 77°,76,77,no
KXHIGHMIA,KMIA,high,2026-02-04,KXHIGHMIA-26FEB04,KXHIGHMIA-26FEB04-B74.5,74° to 75°,74,75,yes
KXHIGHMIA,KMIA,high,2026-02-04,KXHIGHMIA-26FEB04,KXHIGHMIA-26FEB04-B72.5,72° to 73°,72,73,no
KXHIGHMIA,KMIA,high,2026-02-04,KXHIGHMIA-26FEB04,KXHIGHMIA-26FEB04-B70.5,70° to 71°,70,71,no
KXHIGHNY,KNYC,high,2026-02-04,KXHIGHNY-26FEB04,KXHIGHNY-26FEB04-T37,38° or above,38,,no
KXHIGHNY,KNYC,high,2026-02-04,KXHIGHNY-26FEB04,KXHIGHNY-26FEB04-T30,29° or below,,29,no
KXHIGHNY,KNYC,high,2026-02-04,KXHIGHNY-26FEB04,KXHIGHNY-26FEB04-B36.5,36° to 37°,36,37,no
KXHIGHNY,KNYC,high,2026-02-04,KXHIGHNY-26FEB04,KXHIGHNY-26FEB04-B34.5,34° to 35°,34,35,no
KXHIGHNY,KNYC,high,2026-02-04,KXHIGHNY-26FEB04,KXHIGHNY-26FEB04-B32.5,32° to 33°,32,33,yes
KXHIGHNY,KNYC,high,2026-02-04,KXHIGHNY-26FEB04,KXHIGHNY-26FEB04-B30.5,30° to 31°,30,31,no
KXHIGHDEN,KDEN,high,2026-02-04,KXHIGHDEN-26FEB04,KXHIGHDEN-26FEB04-T56,57° or above,57,,no
KXHIGHDEN,KDEN,high,2026-02-04,KXHIGHDEN-26FEB04,KXHIGHDEN-26FEB04-T49,48° or below,,48,no
KXHIGHDEN,KDEN,high,2026-02-04,KXHIGHDEN-26FEB04,KXHIGHDEN-26FEB04-B55.5,55° to 56°,55,56,no
KXHIGHDEN,KDEN,high,2026-02-04,KXHIGHDEN-26FEB04,KXHIGHDEN-26FEB04-B53.5,53° to 54°,53,54,no
KXHIGHDEN,KDEN,high,2026-02-04,KXHIGHDEN-26FEB04,KXHIGHDEN-26FEB04-B51.5,51° to 52°,51,52,yes
KXHIGHDEN,KDEN,high,2026-02-04,KXHIGHDEN-26FEB04,KXHIGHDEN-26FEB04-B49.5,49° to 50°,49,50,no
KXHIGHCHI,KORD,high,2026-02-04,KXHIGHCHI-26FEB04,KXHIGHCHI-26FEB04-T32,33° or above,33,,no
KXHIGHCHI,KORD,high,2026-02-04,KXHIGHCHI-26FEB04,KXHIGHCHI-26FEB04-T25,24° or below,,24,no
KXHIGHCHI,KORD,high,2026-02-04,KXHIGHCHI-26FEB04,KXHIGHCHI-26FEB04-B31.5,31° to 32°,31,32,no
KXHIGHCHI,KORD,high,2026-02-04,KXHIGHCHI-26FEB04,KXHIGHCHI-26FEB04-B29.5,29° to 30°,29,30,no
KXHIGHCHI,KORD,high,2026-02-04,KXHIGHCHI-26FEB04,KXHIGHCHI-26FEB04-B27.5,27° to 28°,27,28,yes
KXHIGHCHI,KORD,high,2026-02-04,KXHIGHCHI-26FEB04,KXHIGHCHI-26FEB04-B25.5,25° to 26°,25,26,no
KXLOWTMIA,KMIA,low,2026-02-03,KXLOWTMIA-26FEB03,KXLOWTMIA-26FEB03-T45,46° or above,46,,no
KXLOWTMIA,KMIA,low,2026-02-03,KXLOWTMIA-26FEB03,KXLOWTMIA-26FEB03-T38,37° or below,,37,no
KXLOWTMIA,KMIA,low,2026-02-03,KXLOWTMIA-26FEB03,KXLOWTMIA-26FEB03-B44.5,44° to 45°,44,45,yes
KXLOWTMIA,KMIA,low,2026-02-03,KXLOWTMIA-26FEB03,KXLOWTMIA-26FEB03-B42.5,42° to 43°,42,43,no
KXLOWTMIA,KMIA,low,2026-02-03,KXLOWTMIA-26FEB03,KXLOWTMIA-26FEB03-B40.5,40° to 41°,40,41,no
KXLOWTMIA,KMIA,low,2026-02-03,KXLOWTMIA-26FEB03,KXLOWTMIA-26FEB03-B38.5,38° to 39°,38,39,no
KXLOWTDEN,KDEN,low,2026-02-03,KXLOWTDEN-26FEB03,KXLOWTDEN-26FEB03-T30,31° or above,31,,no
KXLOWTDEN,KDEN,low,2026-02-03,KXLOWTDEN-26FEB03,KXLOWTDEN-26FEB03-T23,22° or below,,22,yes
KXLOWTDEN,KDEN,low,2026-02-03,KXLOWTDEN-26FEB03,KXLOWTDEN-26FEB03-B29.5,29° to 30°,29,30,no
KXLOWTDEN,KDEN,low,2026-02-03,KXLOWTDEN-26FEB03,KXLOWTDEN-26FEB03-B27.5,27° to 28°,27,28,no
KXLOWTDEN,KDEN,low,2026-02-03,KXLOWTDEN-26FEB03,KXLOWTDEN-26FEB03-B25.5,25° to 26°,25,26,no
KXLOWTDEN,KDEN,low,2026-02-03,KXLOWTDEN-26FEB03,KXLOWTDEN-26FEB03-B23.5,23° to 24°,23,24,no
KXLOWTNYC,KNYC,low,2026-02-03,KXLOWTNYC-26FEB03,KXLOWTNYC-26FEB03-T9,8° or below,,8,no
KXLOWTNYC,KNYC,low,2026-02-03,KXLOWTNYC-26FEB03,KXLOWTNYC-26FEB03-T16,17° or above,17,,yes
KXLOWTNYC,KNYC,low,2026-02-03,KXLOWTNYC-26FEB03,KXLOWTNYC-26FEB03-B9.5,9° to 10°,9,10,no
KXLOWTNYC,KNYC,low,2026-02-03,KXLOWTNYC-26FEB03,KXLOWTNYC-26FEB03-B15.5,15° to 16°,15,16,no
KXLOWTNYC,KNYC,low,2026-02-03,KXLOWTNYC-26FEB03,KXLOWTNYC-26FEB03-B13.5,13° to 14°,13,14,no
KXLOWTNYC,KNYC,low,2026-02-03,KXLOWTNYC-26FEB03,KXLOWTNYC-26FEB03-B11.5,11° to 12°,11,12,no
KXLOWTCHI,KORD,low,2026-02-03,KXLOWTCHI-26FEB03,KXLOWTCHI-26FEB03-T17,18° or above,18,,yes
KXLOWTCHI,KORD,low,2026-02-03,KXLOWTCHI-26FEB03,KXLOWTCHI-26FEB03-T10,9° or below,,9,no
KXLOWTCHI,KORD,low,2026-02-03,KXLOWTCHI-26FEB03,KXLOWTCHI-26FEB03-B16.5,16° to 17°,16,17,no
KXLOWTCHI,KORD,low,2026-02-03,KXLOWTCHI-26FEB03,KXLOWTCHI-26FEB03-B14.5,14° to 15°,14,15,no
KXLOWTCHI,KORD,low,2026-02-03,KXLOWTCHI-26FEB03,KXLOWTCHI-26FEB03-B12.5,12° to 13°,12,13,no
KXLOWTCHI,KORD,low,2026-02-03,KXLOWTCHI-26FEB03,KXLOWTCHI-26FEB03-B10.5,10° to 11°,10,11,no
KXHIGHCHI,KORD,high,2026-02-03,KXHIGHCHI-26FEB03,KXHIGHCHI-26FEB03-T30,31° or above,31,,no
KXHIGHCHI,KORD,high,2026-02-03,KXHIGHCHI-26FEB03,KXHIGHCHI-26FEB03-T23,22° or below,,22,no
KXHIGHCHI,KORD,high,2026-02-03,KXHIGHCHI-26FEB03,KXHIGHCHI-26FEB03-B29.5,29° to 30°,29,30,yes
KXHIGHCHI,KORD,high,2026-02-03,KXHIGHCHI-26FEB03,KXHIGHCHI-26FEB03-B27.5,27° to 28°,27,28,no
KXHIGHCHI,KORD,high,2026-02-03,KXHIGHCHI-26FEB03,KXHIGHCHI-26FEB03-B25.5,25° to 26°,25,26,no
KXHIGHCHI,KORD,high,2026-02-03,KXHIGHCHI-26FEB03,KXHIGHCHI-26FEB03-B23.5,23° to 24°,23,24,no
KXHIGHNY,KNYC,high,2026-02-03,KXHIGHNY-26FEB03,KXHIGHNY-26FEB03-T37,38° or above,38,,no
KXHIGHNY,KNYC,high,2026-02-03,KXHIGHNY-26FEB03,KXHIGHNY-26FEB03-T30,29° or below,,29,no
KXHIGHNY,KNYC,high,2026-02-03,KXHIGHNY-26FEB03,KXHIGHNY-26FEB03-B36.5,36° to 37°,36,37,no
KXHIGHNY,KNYC,high,2026-02-03,KXHIGHNY-26FEB03,KXHIGHNY-26FEB03-B34.5,34° to 35°,34,35,no
KXHIGHNY,KNYC,high,2026-02-03,KXHIGHNY-26FEB03,KXHIGHNY-26FEB03-B32.5,32° to 33°,32,33,yes
KXHIGHNY,KNYC,high,2026-02-03,KXHIGHNY-26FEB03,KXHIGHNY-26FEB03-B30.5,30° to 31°,30,31,no
KXHIGHDEN,KDEN,high,2026-02-03,KXHIGHDEN-26FEB03,KXHIGHDEN-26FEB03-T58,59° or above,59,,no
KXHIGHDEN,KDEN,high,2026-02-03,KXHIGHDEN-26FEB03,KXHIGHDEN-26FEB03-T51,50° or below,,50,yes
KXHIGHDEN,KDEN,high,2026-02-03,KXHIGHDEN-26FEB03,KXHIGHDEN-26FEB03-B57.5,57° to 58°,57,58,no
KXHIGHDEN,KDEN,high,2026-02-03,KXHIGHDEN-26FEB03,KXHIGHDEN-26FEB03-B55.5,55° to 56°,55,56,no
KXHIGHDEN,KDEN,high,2026-02-03,KXHIGHDEN-26FEB03,KXHIGHDEN-26FEB03-B53.5,53° to 54°,53,54,no
KXHIGHDEN,KDEN,high,2026-02-03,KXHIGHDEN-26FEB03,KXHIGHDEN-26FEB03-B51.5,51° to 52°,51,52,no
KXHIGHMIA,KMIA,high,2026-02-03,KXHIGHMIA-26FEB03,KXHIGHMIA-26FEB03-T71,72° or above,72,,no
KXHIGHMIA,KMIA,high,2026-02-03,KXHIGHMIA-26FEB03,KXHIGHMIA-26FEB03-T64,63° or below,,63,no
KXHIGHMIA,KMIA,high,2026-02-03,KXHIGHMIA-26FEB03,KXHIGHMIA-26FEB03-B70.5,70° to 71°,70,71,no
KXHIGHMIA,KMIA,high,2026-02-03,KXHIGHMIA-26FEB03,KXHIGHMIA-26FEB03-B68.5,68° to 69°,68,69,yes
KXHIGHMIA,KMIA,high,2026-02-03,KXHIGHMIA-26FEB03,KXHIGHMIA-26FEB03-B66.5,66° to 67°,66,67,no
KXHIGHMIA,KMIA,high,2026-02-03,KXHIGHMIA-26FEB03,KXHIGHMIA-26FEB03-B64.5,64° to 65°,64,65,no
KXHIGHCHI,KORD,high,2026-02-02,KXHIGHCHI-26FEB02,KXHIGHCHI-26FEB02-T34,35° or above,35,,no
KXHIGHCHI,KORD,high,2026-02-02,KXHIGHCHI-26FEB02,KXHIGHCHI-26FEB02-T27,26° or below,,26,no
KXHIGHCHI,KORD,high,2026-02-02,KXHIGHCHI-26FEB02,KXHIGHCHI-26FEB02-B33.5,33° to 34°,33,34,no
KXHIGHCHI,KORD,high,2026-02-02,KXHIGHCHI-26FEB02,KXHIGHCHI-26FEB02-B31.5,31° to 32°,31,32,no
KXHIGHCHI,KORD,high,2026-02-02,KXHIGHCHI-26FEB02,KXHIGHCHI-26FEB02-B29.5,29° to 30°,29,30,no
KXHIGHCHI,KORD,high,2026-02-02,KXHIGHCHI-26FEB02,KXHIGHCHI-26FEB02-B27.5,27° to 28°,27,28,yes
KXHIGHDEN,KDEN,high,2026-02-02,KXHIGHDEN-26FEB02,KXHIGHDEN-26FEB02-T60,61° or above,61,,no
KXHIGHDEN,KDEN,high,2026-02-02,KXHIGHDEN-26FEB02,KXHIGHDEN-26FEB02-T53,52° or below,,52,yes
KXHIGHDEN,KDEN,high,2026-02-02,KXHIGHDEN-26FEB02,KXHIGHDEN-26FEB02-B59.5,59° to 60°,59,60,no
KXHIGHDEN,KDEN,high,2026-02-02,KXHIGHDEN-26FEB02,KXHIGHDEN-26FEB02-B57.5,57° to 58°,57,58,no
KXHIGHDEN,KDEN,high,2026-02-02,KXHIGHDEN-26FEB02,KXHIGHDEN-26FEB02-B55.5,55° to 56°,55,56,no
KXHIGHDEN,KDEN,high,2026-02-02,KXHIGHDEN-26FEB02,KXHIGHDEN-26FEB02-B53.5,53° to 54°,53,54,no
KXLOWTDEN,KDEN,low,2026-02-02,KXLOWTDEN-26FEB02,KXLOWTDEN-26FEB02-T36,37° or above,37,,no
KXLOWTDEN,KDEN,low,2026-02-02,KXLOWTDEN-26FEB02,KXLOWTDEN-26FEB02-T29,28° or below,,28,yes
KXLOWTDEN,KDEN,low,2026-02-02,KXLOWTDEN-26FEB02,KXLOWTDEN-26FEB02-B35.5,35° to 36°,35,36,no
KXLOWTDEN,KDEN,low,2026-02-02,KXLOWTDEN-26FEB02,KXLOWTDEN-26FEB02-B33.5,33° to 34°,33,34,no
KXLOWTDEN,KDEN,low,2026-02-02,KXLOWTDEN-26FEB02,KXLOWTDEN-26FEB02-B31.5,31° to 32°,31,32,no
KXLOWTDEN,KDEN,low,2026-02-02,KXLOWTDEN-26FEB02,KXLOWTDEN-26FEB02-B29.5,29° to 30°,29,30,no
KXLOWTMIA,KMIA,low,2026-02-02,KXLOWTMIA-26FEB02,KXLOWTMIA-26FEB02-T38,39° or above,39,,no
KXLOWTMIA,KMIA,low,2026-02-02,KXLOWTMIA-26FEB02,KXLOWTMIA-26FEB02-T31,30° or below,,30,no
KXLOWTMIA,KMIA,low,2026-02-02,KXLOWTMIA-26FEB02,KXLOWTMIA-26FEB02-B37.5,37° to 38°,37,38,yes
KXLOWTMIA,KMIA,low,2026-02-02,KXLOWTMIA-26FEB02,KXLOWTMIA-26FEB02-B35.5,35° to 36°,35,36,no
KXLOWTMIA,KMIA,low,2026-02-02,KXLOWTMIA-26FEB02,KXLOWTMIA-26FEB02-B33.5,33° to 34°,33,34,no
KXLOWTMIA,KMIA,low,2026-02-02,KXLOWTMIA-26FEB02,KXLOWTMIA-26FEB02-B31.5,31° to 32°,31,32,no
KXLOWTCHI,KORD,low,2026-02-02,KXLOWTCHI-26FEB02,KXLOWTCHI-26FEB02-T21,22° or above,22,,no
KXLOWTCHI,KORD,low,2026-02-02,KXLOWTCHI-26FEB02,KXLOWTCHI-26FEB02-T14,13° or below,,13,no
KXLOWTCHI,KORD,low,2026-02-02,KXLOWTCHI-26FEB02,KXLOWTCHI-26FEB02-B20.5,20° to 21°,20,21,yes
KXLOWTCHI,KORD,low,2026-02-02,KXLOWTCHI-26FEB02,KXLOWTCHI-26FEB02-B18.5,18° to 19°,18,19,no
KXLOWTCHI,KORD,low,2026-02-02,KXLOWTCHI-26FEB02,KXLOWTCHI-26FEB02-B16.5,16° to 17°,16,17,no
KXLOWTCHI,KORD,low,2026-02-02,KXLOWTCHI-26FEB02,KXLOWTCHI-26FEB02-B14.5,14° to 15°,14,15,no
KXHIGHMIA,KMIA,high,2026-02-02,KXHIGHMIA-26FEB02,KXHIGHMIA-26FEB02-T63,64° or above,64,,no
KXHIGHMIA,KMIA,high,2026-02-02,KXHIGHMIA-26FEB02,KXHIGHMIA-26FEB02-T56,55° or below,,55,no
KXHIGHMIA,KMIA,high,2026-02-02,KXHIGHMIA-26FEB02,KXHIGHMIA-26FEB02-B62.5,62° to 63°,62,63,no
KXHIGHMIA,KMIA,high,2026-02-02,KXHIGHMIA-26FEB02,KXHIGHMIA-26FEB02-B60.5,60° to 61°,60,61,no
KXHIGHMIA,KMIA,high,2026-02-02,KXHIGHMIA-26FEB02,KXHIGHMIA-26FEB02-B58.5,58° to 59°,58,59,yes
KXHIGHMIA,KMIA,high,2026-02-02,KXHIGHMIA-26FEB02,KXHIGHMIA-26FEB02-B56.5,56° to 57°,56,57,no
KXLOWTNYC,KNYC,low,2026-02-02,KXLOWTNYC-26FEB02,KXLOWTNYC-26FEB02-T7,6° or below,,6,no
KXLOWTNYC,KNYC,low,2026-02-02,KXLOWTNYC-26FEB02,KXLOWTNYC-26FEB02-T14,15° or above,15,,no
KXLOWTNYC,KNYC,low,2026-02-02,KXLOWTNYC-26FEB02,KXLOWTNYC-26FEB02-B9.5,9° to 10°,9,10,no
KXLOWTNYC,KNYC,low,2026-02-02,KXLOWTNYC-26FEB02,KXLOWTNYC-26FEB02-B7.5,7° to 8°,7,8,no
KXLOWTNYC,KNYC,low,2026-02-02,KXLOWTNYC-26FEB02,KXLOWTNYC-26FEB02-B13.5,13° to 14°,13,14,yes
KXLOWTNYC,KNYC,low,2026-02-02,KXLOWTNYC-26FEB02,KXLOWTNYC-26FEB02-B11.5,11° to 12°,11,12,no
KXHIGHNY,KNYC,high,2026-02-02,KXHIGHNY-26FEB02,KXHIGHNY-26FEB02-T36,37° or above,37,,no
KXHIGHNY,KNYC,high,2026-02-02,KXHIGHNY-26FEB02,KXHIGHNY-26FEB02-T29,28° or below,,28,no
KXHIGHNY,KNYC,high,2026-02-02,KXHIGHNY-26FEB02,KXHIGHNY-26FEB02-B35.5,35° to 36°,35,36,yes
KXHIGHNY,KNYC,high,2026-02-02,KXHIGHNY-26FEB02,KXHIGHNY-26FEB02-B33.5,33° to 34°,33,34,no
KXHIGHNY,KNYC,high,2026-02-02,KXHIGHNY-26FEB02,KXHIGHNY-26FEB02-B31.5,31° to 32°,31,32,no
KXHIGHNY,KNYC,high,2026-02-02,KXHIGHNY-26FEB02,KXHIGHNY-26FEB02-B29.5,29° to 30°,29,30,no
KXHIGHDEN,KDEN,high,2026-02-01,KXHIGHDEN-26FEB01,KXHIGHDEN-26FEB01-T66,67° or above,67,,no
KXHIGHDEN,KDEN,high,2026-02-01,KXHIGHDEN-26FEB01,KXHIGHDEN-26FEB01-T59,58° or below,,58,no
KXHIGHDEN,KDEN,high,2026-02-01,KXHIGHDEN-26FEB01,KXHIGHDEN-26FEB01-B65.5,65° to 66°,65,66,no
KXHIGHDEN,KDEN,high,2026-02-01,KXHIGHDEN-26FEB01,KXHIGHDEN-26FEB01-B63.5,63° to 64°,63,64,no
KXHIGHDEN,KDEN,high,2026-02-01,KXHIGHDEN-26FEB01,KXHIGHDEN-26FEB01-B61.5,61° to 62°,61,62,yes
KXHIGHDEN,KDEN,high,2026-02-01,KXHIGHDEN-26FEB01,KXHIGHDEN-26FEB01-B59.5,59° to 60°,59,60,no
KXLOWTMIA,KMIA,low,2026-02-01,KXLOWTMIA-26FEB01,KXLOWTMIA-26FEB01-T36,37° or above,37,,no
KXLOWTMIA,KMIA,low,2026-02-01,KXLOWTMIA-26FEB01,KXLOWTMIA-26FEB01-T29,28° or below,,28,no
KXLOWTMIA,KMIA,low,2026-02-01,KXLOWTMIA-26FEB01,KXLOWTMIA-26FEB01-B35.5,35° to 36°,35,36,yes
KXLOWTMIA,KMIA,low,2026-02-01,KXLOWTMIA-26FEB01,KXLOWTMIA-26FEB01-B33.5,33° to 34°,33,34,no
KXLOWTMIA,KMIA,low,2026-02-01,KXLOWTMIA-26FEB01,KXLOWTMIA-26FEB01-B31.5,31° to 32°,31,32,no
KXLOWTMIA,KMIA,low,2026-02-01,KXLOWTMIA-26FEB01,KXLOWTMIA-26FEB01-B29.5,29° to 30°,29,30,no
KXLOWTNYC,KNYC,low,2026-02-01,KXLOWTNYC-26FEB01,KXLOWTNYC-26FEB01-T5,4° or below,,4,no
KXLOWTNYC,KNYC,low,2026-02-01,KXLOWTNYC-26FEB01,KXLOWTNYC-26FEB01-T12,13° or above,13,,no
KXLOWTNYC,KNYC,low,2026-02-01,KXLOWTNYC-26FEB01,KXLOWTNYC-26FEB01-B9.5,9° to 10°,9,10,yes
KXLOWTNYC,KNYC,low,2026-02-01,KXLOWTNYC-26FEB01,KXLOWTNYC-26FEB01-B7.5,7° to 8°,7,8,no
KXLOWTNYC,KNYC,low,2026-02-01,KXLOWTNYC-26FEB01,KXLOWTNYC-26FEB01-B5.5,5° to 6°,5,6,no
KXLOWTNYC,KNYC,low,2026-02-01,KXLOWTNYC-26FEB01,KXLOWTNYC-26FEB01-B11.5,11° to 12°,11,12,no
KXHIGHCHI,KORD,high,2026-02-01,KXHIGHCHI-26FEB01,KXHIGHCHI-26FEB01-T30,31° or above,31,,no
KXHIGHCHI,KORD,high,2026-02-01,KXHIGHCHI-26FEB01,KXHIGHCHI-26FEB01-T23,22° or below,,22,no
KXHIGHCHI,KORD,high,2026-02-01,KXHIGHCHI-26FEB01,KXHIGHCHI-26FEB01-B29.5,29° to 30°,29,30,no
KXHIGHCHI,KORD,high,2026-02-01,KXHIGHCHI-26FEB01,KXHIGHCHI-26FEB01-B27.5,27° to 28°,27,28,yes
KXHIGHCHI,KORD,high,2026-02-01,KXHIGHCHI-26FEB01,KXHIGHCHI-26FEB01-B25.5,25° to 26°,25,26,no
KXHIGHCHI,KORD,high,2026-02-01,KXHIGHCHI-26FEB01,KXHIGHCHI-26FEB01-B23.5,23° to 24°,23,24,no
KXLOWTDEN,KDEN,low,2026-02-01,KXLOWTDEN-26FEB01,KXLOWTDEN-26FEB01-T32,33° or above,33,,no
KXLOWTDEN,KDEN,low,2026-02-01,KXLOWTDEN-26FEB01,KXLOWTDEN-26FEB01-T25,24° or below,,24,yes
KXLOWTDEN,KDEN,low,2026-02-01,KXLOWTDEN-26FEB01,KXLOWTDEN-26FEB01-B31.5,31° to 32°,31,32,no
KXLOWTDEN,KDEN,low,2026-02-01,KXLOWTDEN-26FEB01,KXLOWTDEN-26FEB01-B29.5,29° to 30°,29,30,no
KXLOWTDEN,KDEN,low,2026-02-01,KXLOWTDEN-26FEB01,KXLOWTDEN-26FEB01-B27.5,27° to 28°,27,28,no
KXLOWTDEN,KDEN,low,2026-02-01,KXLOWTDEN-26FEB01,KXLOWTDEN-26FEB01-B25.5,25° to 26°,25,26,no
KXHIGHMIA,KMIA,high,2026-02-01,KXHIGHMIA-26FEB01,KXHIGHMIA-26FEB01-T56,57° or above,57,,no
KXHIGHMIA,KMIA,high,2026-02-01,KXHIGHMIA-26FEB01,KXHIGHMIA-26FEB01-T49,48° or below,,48,no
KXHIGHMIA,KMIA,high,2026-02-01,KXHIGHMIA-26FEB01,KXHIGHMIA-26FEB01-B55.5,55° to 56°,55,56,no
KXHIGHMIA,KMIA,high,2026-02-01,KXHIGHMIA-26FEB01,KXHIGHMIA-26FEB01-B53.5,53° to 54°,53,54,no
KXHIGHMIA,KMIA,high,2026-02-01,KXHIGHMIA-26FEB01,KXHIGHMIA-26FEB01-B51.5,51° to 52°,51,52,yes
KXHIGHMIA,KMIA,high,2026-02-01,KXHIGHMIA-26FEB01,KXHIGHMIA-26FEB01-B49.5,49° to 50°,49,50,no
KXLOWTCHI,KORD,low,2026-02-01,KXLOWTCHI-26FEB01,KXLOWTCHI-26FEB01-T5,4° or below,,4,no
KXLOWTCHI,KORD,low,2026-02-01,KXLOWTCHI-26FEB01,KXLOWTCHI-26FEB01-T12,13° or above,13,,no
KXLOWTCHI,KORD,low,2026-02-01,KXLOWTCHI-26FEB01,KXLOWTCHI-26FEB01-B9.5,9° to 10°,9,10,no
KXLOWTCHI,KORD,low,2026-02-01,KXLOWTCHI-26FEB01,KXLOWTCHI-26FEB01-B7.5,7° to 8°,7,8,no
KXLOWTCHI,KORD,low,2026-02-01,KXLOWTCHI-26FEB01,KXLOWTCHI-26FEB01-B5.5,5° to 6°,5,6,no
KXLOWTCHI,KORD,low,2026-02-01,KXLOWTCHI-26FEB01,KXLOWTCHI-26FEB01-B11.5,11° to 12°,11,12,yes
KXHIGHNY,KNYC,high,2026-02-01,KXHIGHNY-26FEB01,KXHIGHNY-26FEB01-T29,30° or above,30,,no
KXHIGHNY,KNYC,high,2026-02-01,KXHIGHNY-26FEB01,KXHIGHNY-26FEB01-T22,21° or below,,21,no
KXHIGHNY,KNYC,high,2026-02-01,KXHIGHNY-26FEB01,KXHIGHNY-26FEB01-B28.5,28° to 29°,28,29,no
KXHIGHNY,KNYC,high,2026-02-01,KXHIGHNY-26FEB01,KXHIGHNY-26FEB01-B26.5,26° to 27°,26,27,no
KXHIGHNY,KNYC,high,2026-02-01,KXHIGHNY-26FEB01,KXHIGHNY-26FEB01-B24.5,24° to 25°,24,25,yes
KXHIGHNY,KNYC,high,2026-02-01,KXHIGHNY-26FEB01,KXHIGHNY-26FEB01-B22.5,22° to 23°,22,23,no
KXHIGHMIA,KMIA,high,2026-01-31,KXHIGHMIA-26JAN31,KXHIGHMIA-26JAN31-T71,72° or above,72,,no
KXHIGHMIA,KMIA,high,2026-01-31,KXHIGHMIA-26JAN31,KXHIGHMIA-26JAN31-T64,63° or below,,63,no
KXHIGHMIA,KMIA,high,2026-01-31,KXHIGHMIA-26JAN31,KXHIGHMIA-26JAN31-B70.5,70° to 71°,70,71,no
KXHIGHMIA,KMIA,high,2026-01-31,KXHIGHMIA-26JAN31,KXHIGHMIA-26JAN31-B68.5,68° to 69°,68,69,no
KXHIGHMIA,KMIA,high,2026-01-31,KXHIGHMIA-26JAN31,KXHIGHMIA-26JAN31-B66.5,66° to 67°,66,67,yes
KXHIGHMIA,KMIA,high,2026-01-31,KXHIGHMIA-26JAN31,KXHIGHMIA-26JAN31-B64.5,64° to 65°,64,65,no
KXHIGHDEN,KDEN,high,2026-01-31,KXHIGHDEN-26JAN31,KXHIGHDEN-26JAN31-T61,62° or above,62,,no
KXHIGHDEN,KDEN,high,2026-01-31,KXHIGHDEN-26JAN31,KXHIGHDEN-26JAN31-T54,53° or below,,53,no
KXHIGHDEN,KDEN,high,2026-01-31,KXHIGHDEN-26JAN31,KXHIGHDEN-26JAN31-B60.5,60° to 61°,60,61,no
KXHIGHDEN,KDEN,high,2026-01-31,KXHIGHDEN-26JAN31,KXHIGHDEN-26JAN31-B58.5,58° to 59°,58,59,no
KXHIGHDEN,KDEN,high,2026-01-31,KXHIGHDEN-26JAN31,KXHIGHDEN-26JAN31-B56.5,56° to 57°,56,57,yes
KXHIGHDEN,KDEN,high,2026-01-31,KXHIGHDEN-26JAN31,KXHIGHDEN-26JAN31-B54.5,54° to 55°,54,55,no
KXHIGHNY,KNYC,high,2026-01-31,KXHIGHNY-26JAN31,KXHIGHNY-26JAN31-T26,27° or above,27,,no
KXHIGHNY,KNYC,high,2026-01-31,KXHIGHNY-26JAN31,KXHIGHNY-26JAN31-T19,18° or below,,18,no
KXHIGHNY,KNYC,high,2026-01-31,KXHIGHNY-26JAN31,KXHIGHNY-26JAN31-B25.5,25° to 26°,25,26,no
KXHIGHNY,KNYC,high,2026-01-31,KXHIGHNY-26JAN31,KXHIGHNY-26JAN31-B23.5,23° to 24°,23,24,yes
KXHIGHNY,KNYC,high,2026-01-31,KXHIGHNY-26JAN31,KXHIGHNY-26JAN31-B21.5,21° to 22°,21,22,no
KXHIGHNY,KNYC,high,2026-01-31,KXHIGHNY-26JAN31,KXHIGHNY-26JAN31-B19.5,19° to 20°,19,20,no
KXHIGHCHI,KORD,high,2026-01-31,KXHIGHCHI-26JAN31,KXHIGHCHI-26JAN31-T29,30° or above,30,,no
KXHIGHCHI,KORD,high,2026-01-31,KXHIGHCHI-26JAN31,KXHIGHCHI-26JAN31-T22,21° or below,,21,no
KXHIGHCHI,KORD,high,2026-01-31,KXHIGHCHI-26JAN31,KXHIGHCHI-26JAN31-B28.5,28° to 29°,28,29,no
KXHIGHCHI,KORD,high,2026-01-31,KXHIGHCHI-26JAN31,KXHIGHCHI-26JAN31-B26.5,26° to 27°,26,27,yes
KXHIGHCHI,KORD,high,2026-01-31,KXHIGHCHI-26JAN31,KXHIGHCHI-26JAN31-B24.5,24° to 25°,24,25,no
KXHIGHCHI,KORD,high,2026-01-31,KXHIGHCHI-26JAN31,KXHIGHCHI-26JAN31-B22.5,22° to 23°,22,23,no
KXLOWTDEN,KDEN,low,2026-01-31,KXLOWTDEN-26JAN31,KXLOWTDEN-26JAN31-T24,25° or above,25,,no
KXLOWTDEN,KDEN,low,2026-01-31,KXLOWTDEN-26JAN31,KXLOWTDEN-26JAN31-T17,16° or below,,16,no
KXLOWTDEN,KDEN,low,2026-01-31,KXLOWTDEN-26JAN31,KXLOWTDEN-26JAN31-B23.5,23° to 24°,23,24,no
KXLOWTDEN,KDEN,low,2026-01-31,KXLOWTDEN-26JAN31,KXLOWTDEN-26JAN31-B21.5,21° to 22°,21,22,no
KXLOWTDEN,KDEN,low,2026-01-31,KXLOWTDEN-26JAN31,KXLOWTDEN-26JAN31-B19.5,19° to 20°,19,20,no
KXLOWTDEN,KDEN,low,2026-01-31,KXLOWTDEN-26JAN31,KXLOWTDEN-26JAN31-B17.5,17° to 18°,17,18,yes
KXLOWTCHI,KORD,low,2026-01-31,KXLOWTCHI-26JAN31,KXLOWTCHI-26JAN31-T4,3° or below,,3,no
KXLOWTCHI,KORD,low,2026-01-31,KXLOWTCHI-26JAN31,KXLOWTCHI-26JAN31-T11,12° or above,12,,yes
KXLOWTCHI,KORD,low,2026-01-31,KXLOWTCHI-26JAN31,KXLOWTCHI-26JAN31-B8.5,8° to 9°,8,9,no
KXLOWTCHI,KORD,low,2026-01-31,KXLOWTCHI-26JAN31,KXLOWTCHI-26JAN31-B6.5,6° to 7°,6,7,no
KXLOWTCHI,KORD,low,2026-01-31,KXLOWTCHI-26JAN31,KXLOWTCHI-26JAN31-B4.5,4° to 5°,4,5,no
KXLOWTCHI,KORD,low,2026-01-31,KXLOWTCHI-26JAN31,KXLOWTCHI-26JAN31-B10.5,10° to 11°,10,11,no
KXLOWTMIA,KMIA,low,2026-01-31,KXLOWTMIA-26JAN31,KXLOWTMIA-26JAN31-T50,51° or above,51,,no
KXLOWTMIA,KMIA,low,2026-01-31,KXLOWTMIA-26JAN31,KXLOWTMIA-26JAN31-T43,42° or below,,42,no
KXLOWTMIA,KMIA,low,2026-01-31,KXLOWTMIA-26JAN31,KXLOWTMIA-26JAN31-B49.5,49° to 50°,49,50,no
KXLOWTMIA,KMIA,low,2026-01-31,KXLOWTMIA-26JAN31,KXLOWTMIA-26JAN31-B47.5,47° to 48°,47,48,no
KXLOWTMIA,KMIA,low,2026-01-31,KXLOWTMIA-26JAN31,KXLOWTMIA-26JAN31-B45.5,45° to 46°,45,46,yes
KXLOWTMIA,KMIA,low,2026-01-31,KXLOWTMIA-26JAN31,KXLOWTMIA-26JAN31-B43.5,43° to 44°,43,44,no
KXLOWTNYC,KNYC,low,2026-01-31,KXLOWTNYC-26JAN31,KXLOWTNYC-26JAN31-T7,8° or above,8,,yes
KXLOWTNYC,KNYC,low,2026-01-31,KXLOWTNYC-26JAN31,KXLOWTNYC-26JAN31-T0,-1° or below,,-1,no
KXLOWTNYC,KNYC,low,2026-01-31,KXLOWTNYC-26JAN31,KXLOWTNYC-26JAN31-B6.5,6° to 7°,6,7,no
KXLOWTNYC,KNYC,low,2026-01-31,KXLOWTNYC-26JAN31,KXLOWTNYC-26JAN31-B4.5,4° to 5°,4,5,no
KXLOWTNYC,KNYC,low,2026-01-31,KXLOWTNYC-26JAN31,KXLOWTNYC-26JAN31-B2.5,2° to 3°,2,3,no
KXLOWTNYC,KNYC,low,2026-01-31,KXLOWTNYC-26JAN31,KXLOWTNYC-26JAN31-B0.5,0° to 1°,0,1,no
